SKU,Attribute_set_code,Name,Brand,Style_code,size,product_type,measuring_unit,price,shape_type,length_type,color,ideal_for,pattern,occasion,brand_color,fabric,pack_of,neck_type,sleeve_length,suitable_for,fabric_care,model_name,pockets,description,search_title,type
KK0001-L,Default,Off-White Printed Asymmetric Women's Kurti,Kiaasa,KK0001,L,simple,Regular,1699,Asymmetric,Calf Length,White,Women's,Printed,Casual,Off-White,Art Linen,1,"Mandarin Collar

",Sleeveless,Indo Western,Wash with like colors::First wash dry clean thereafter handwash,Fashion,No,"An elegant, modern Printed sleevless kurta with buttons detaling.",Kurta:: Party wear:: Dress::Kurti::KIAASA::Women Kurta,Kurti
KK0001-M,Default,Off-White Printed Asymmetric Women's Kurti,Kiaasa,KK0001,M,simple,Regular,1699,Asymmetric,Calf Length,White,Women's,Printed,Casual,Off-White,Art Linen,1,"Mandarin Collar

",Sleeveless,Indo Western,Wash with like colors::First wash dry clean thereafter handwash,Fashion,No,"An elegant, modern Printed sleevless kurta with buttons detaling.",Kurta:: Party wear:: Dress::Kurti::KIAASA::Women Kurta,Kurti
KK0001-S,Default,Off-White Printed Asymmetric Women's Kurti,Kiaasa,KK0001,S,simple,Regular,1699,Asymmetric,Calf Length,White,Women's,Printed,Casual,Off-White,Art Linen,1,"Mandarin Collar

",Sleeveless,Indo Western,Wash with like colors::First wash dry clean thereafter handwash,Fashion,No,"An elegant, modern Printed sleevless kurta with buttons detaling.",Kurta:: Party wear:: Dress::Kurti::KIAASA::Women Kurta,Kurti
KK0001-XL,Default,Off-White Printed Asymmetric Women's Kurti,Kiaasa,KK0001,XL,simple,Regular,1699,Asymmetric,Calf Length,White,Women's,Printed,Casual,Off-White,Art Linen,1,"Mandarin Collar

",Sleeveless,Indo Western,Wash with like colors::First wash dry clean thereafter handwash,Fashion,No,"An elegant, modern Printed sleevless kurta with buttons detaling.",Kurta:: Party wear:: Dress::Kurti::KIAASA::Women Kurta,Kurti
KK0001-XXL,Default,Off-White Printed Asymmetric Women's Kurti,Kiaasa,KK0001,XXL,simple,Regular,1699,Asymmetric,Calf Length,White,Women's,Printed,Casual,Off-White,Art Linen,1,"Mandarin Collar

",Sleeveless,Indo Western,Wash with like colors::First wash dry clean thereafter handwash,Fashion,No,"An elegant, modern Printed sleevless kurta with buttons detaling.",Kurta:: Party wear:: Dress::Kurti::KIAASA::Women Kurta,Kurti
KK0002-L,Default,Blue Printed A-line Women's Kurti,Kiaasa,KK0002,L,simple,Regular,1799,A-line,Calf Length,Blue,Women's,Printed,Casual,Blue,Cotton,1,V-neck,3/4 Sleeve,Ethnic Wear,Wash with like colors::First wash dry clean thereafter handwash,Fashion,No,Grab attention in this beautiful Printed kurta with nice Embroidery around the neckline.,Kurta:: Party wear:: Dress::Kurti::KIAASA::Women Kurta,Kurti
KK0002-M,Default,Blue Printed A-line Women's Kurti,Kiaasa,KK0002,M,simple,Regular,1799,A-line,Calf Length,Blue,Women's,Printed,Casual,Blue,Cotton,1,V-neck,3/4 Sleeve,Ethnic Wear,Wash with like colors::First wash dry clean thereafter handwash,Fashion,No,Grab attention in this beautiful Printed kurta with nice Embroidery around the neckline.,Kurta:: Party wear:: Dress::Kurti::KIAASA::Women Kurta,Kurti
KK0002-S,Default,Blue Printed A-line Women's Kurti,Kiaasa,KK0002,S,simple,Regular,1799,A-line,Calf Length,Blue,Women's,Printed,Casual,Blue,Cotton,1,V-neck,3/4 Sleeve,Ethnic Wear,Wash with like colors::First wash dry clean thereafter handwash,Fashion,No,Grab attention in this beautiful Printed kurta with nice Embroidery around the neckline.,Kurta:: Party wear:: Dress::Kurti::KIAASA::Women Kurta,Kurti
KK0002-XL,Default,Blue Printed A-line Women's Kurti,Kiaasa,KK0002,XL,simple,Regular,1799,A-line,Calf Length,Blue,Women's,Printed,Casual,Blue,Cotton,1,V-neck,3/4 Sleeve,Ethnic Wear,Wash with like colors::First wash dry clean thereafter handwash,Fashion,No,Grab attention in this beautiful Printed kurta with nice Embroidery around the neckline.,Kurta:: Party wear:: Dress::Kurti::KIAASA::Women Kurta,Kurti
KK0002-XXL,Default,Blue Printed A-line Women's Kurti,Kiaasa,KK0002,XXL,simple,Regular,1799,A-line,Calf Length,Blue,Women's,Printed,Casual,Blue,Cotton,1,V-neck,3/4 Sleeve,Ethnic Wear,Wash with like colors::First wash dry clean thereafter handwash,Fashion,No,Grab attention in this beautiful Printed kurta with nice Embroidery around the neckline.,Kurta:: Party wear:: Dress::Kurti::KIAASA::Women Kurta,Kurti
KK0003-L,Default,Light Green Printed A-line Women's Kurti,Kiaasa,KK0003,L,simple,Regular,1899,A-line,Calf Length,Green,Women's,Printed,Casual,Light Green,Cotton,1,V-neck,3/4 Sleeve,Ethnic Wear,Wash with like colors::First wash dry clean thereafter handwash,Fashion,No,Grab attention in this beautiful Printed kurta with nice Embroidery around the neckline.,Kurta:: Party wear:: Dress::Kurti::KIAASA::Women Kurta,Kurti
KK0003-M,Default,Light Green Printed A-line Women's Kurti,Kiaasa,KK0003,M,simple,Regular,1899,A-line,Calf Length,Green,Women's,Printed,Casual,Light Green,Cotton,1,V-neck,3/4 Sleeve,Ethnic Wear,Wash with like colors::First wash dry clean thereafter handwash,Fashion,No,Grab attention in this beautiful Printed kurta with nice Embroidery around the neckline.,Kurta:: Party wear:: Dress::Kurti::KIAASA::Women Kurta,Kurti
KK0003-S,Default,Light Green Printed A-line Women's Kurti,Kiaasa,KK0003,S,simple,Regular,1899,A-line,Calf Length,Green,Women's,Printed,Casual,Light Green,Cotton,1,V-neck,3/4 Sleeve,Ethnic Wear,Wash with like colors::First wash dry clean thereafter handwash,Fashion,No,Grab attention in this beautiful Printed kurta with nice Embroidery around the neckline.,Kurta:: Party wear:: Dress::Kurti::KIAASA::Women Kurta,Kurti
KK0003-XL,Default,Light Green Printed A-line Women's Kurti,Kiaasa,KK0003,XL,simple,Regular,1899,A-line,Calf Length,Green,Women's,Printed,Casual,Light Green,Cotton,1,V-neck,3/4 Sleeve,Ethnic Wear,Wash with like colors::First wash dry clean thereafter handwash,Fashion,No,Grab attention in this beautiful Printed kurta with nice Embroidery around the neckline.,Kurta:: Party wear:: Dress::Kurti::KIAASA::Women Kurta,Kurti
KK0003-XXL,Default,Light Green Printed A-line Women's Kurti,Kiaasa,KK0003,XXL,simple,Regular,1899,A-line,Calf Length,Green,Women's,Printed,Casual,Light Green,Cotton,1,V-neck,3/4 Sleeve,Ethnic Wear,Wash with like colors::First wash dry clean thereafter handwash,Fashion,No,Grab attention in this beautiful Printed kurta with nice Embroidery around the neckline.,Kurta:: Party wear:: Dress::Kurti::KIAASA::Women Kurta,Kurti
KK0004-L,Default,Yellow Printed A-line Women's Kurti,Kiaasa,KK0004,L,simple,Regular,2349,A-line,Calf Length,Pink,Women's,Printed,Casual,Yellow,Rayon Dobby,1,Key Whole,3/4 Sleeve,Ethnic Wear,Wash with like colors::First wash dry clean thereafter handwash,Fashion,No,An elegant Printed kurta with Detailed neckline & sleeves.,Kurta:: Party wear:: Dress::Kurti::KIAASA::Women Kurta,Kurti
KK0004-M,Default,Yellow Printed A-line Women's Kurti,Kiaasa,KK0004,M,simple,Regular,2349,A-line,Calf Length,Pink,Women's,Printed,Casual,Yellow,Rayon Dobby,1,Key Whole,3/4 Sleeve,Ethnic Wear,Wash with like colors::First wash dry clean thereafter handwash,Fashion,No,An elegant Printed kurta with Detailed neckline & sleeves.,Kurta:: Party wear:: Dress::Kurti::KIAASA::Women Kurta,Kurti
KK0004-S,Default,Yellow Printed A-line Women's Kurti,Kiaasa,KK0004,S,simple,Regular,2349,A-line,Calf Length,Pink,Women's,Printed,Casual,Yellow,Rayon Dobby,1,Key Whole,3/4 Sleeve,Ethnic Wear,Wash with like colors::First wash dry clean thereafter handwash,Fashion,No,An elegant Printed kurta with Detailed neckline & sleeves.,Kurta:: Party wear:: Dress::Kurti::KIAASA::Women Kurta,Kurti
KK0004-XL,Default,Yellow Printed A-line Women's Kurti,Kiaasa,KK0004,XL,simple,Regular,2349,A-line,Calf Length,Pink,Women's,Printed,Casual,Yellow,Rayon Dobby,1,Key Whole,3/4 Sleeve,Ethnic Wear,Wash with like colors::First wash dry clean thereafter handwash,Fashion,No,An elegant Printed kurta with Detailed neckline & sleeves.,Kurta:: Party wear:: Dress::Kurti::KIAASA::Women Kurta,Kurti
KK0004-XS,Default,Yellow Printed A-line Women's Kurti,Kiaasa,KK0004,XS,simple,Regular,2349,A-line,Calf Length,Pink,Women's,Printed,Casual,Yellow,Rayon Dobby,1,Key Whole,3/4 Sleeve,Ethnic Wear,Wash with like colors::First wash dry clean thereafter handwash,Fashion,No,An elegant Printed kurta with Detailed neckline & sleeves.,Kurta:: Party wear:: Dress::Kurti::KIAASA::Women Kurta,Kurti
KK0004-XXL,Default,Yellow Printed A-line Women's Kurti,Kiaasa,KK0004,XXL,simple,Regular,2349,A-line,Calf Length,Pink,Women's,Printed,Casual,Yellow,Rayon Dobby,1,Key Whole,3/4 Sleeve,Ethnic Wear,Wash with like colors::First wash dry clean thereafter handwash,Fashion,No,An elegant Printed kurta with Detailed neckline & sleeves.,Kurta:: Party wear:: Dress::Kurti::KIAASA::Women Kurta,Kurti
KK0005-L,Default,Navy Blue Yarn Dyed Gathered Women's Kurti,Kiaasa,KK0005,L,simple,Regular,1699,Gathered,Knee Length,Blue,Women's,Yarn Dyed,Casual,Navy Blue,Cotton,1,Round,3/4 Sleeve,contemporary,Wash with like colors::First wash dry clean thereafter handwash,Fashion,No,Look smart in this contemporary front open kurta with detailed sleeves.,Kurta:: Party wear:: Dress::Kurti::KIAASA::Women Kurta,Kurti
KK0005-M,Default,Navy Blue Yarn Dyed Gathered Women's Kurti,Kiaasa,KK0005,M,simple,Regular,1699,Gathered,Knee Length,Blue,Women's,Yarn Dyed,Casual,Navy Blue,Cotton,1,Round,3/4 Sleeve,contemporary,Wash with like colors::First wash dry clean thereafter handwash,Fashion,No,Look smart in this contemporary front open kurta with detailed sleeves.,Kurta:: Party wear:: Dress::Kurti::KIAASA::Women Kurta,Kurti
KK0005-S,Default,Navy Blue Yarn Dyed Gathered Women's Kurti,Kiaasa,KK0005,S,simple,Regular,1699,Gathered,Knee Length,Blue,Women's,Yarn Dyed,Casual,Navy Blue,Cotton,1,Round,3/4 Sleeve,contemporary,Wash with like colors::First wash dry clean thereafter handwash,Fashion,No,Look smart in this contemporary front open kurta with detailed sleeves.,Kurta:: Party wear:: Dress::Kurti::KIAASA::Women Kurta,Kurti
KK0005-XL,Default,Navy Blue Yarn Dyed Gathered Women's Kurti,Kiaasa,KK0005,XL,simple,Regular,1699,Gathered,Knee Length,Blue,Women's,Yarn Dyed,Casual,Navy Blue,Cotton,1,Round,3/4 Sleeve,contemporary,Wash with like colors::First wash dry clean thereafter handwash,Fashion,No,Look smart in this contemporary front open kurta with detailed sleeves.,Kurta:: Party wear:: Dress::Kurti::KIAASA::Women Kurta,Kurti
KK0005-XS,Default,Navy Blue Yarn Dyed Gathered Women's Kurti,Kiaasa,KK0005,XS,simple,Regular,1699,Gathered,Knee Length,Blue,Women's,Yarn Dyed,Casual,Navy Blue,Cotton,1,Round,3/4 Sleeve,contemporary,Wash with like colors::First wash dry clean thereafter handwash,Fashion,No,Look smart in this contemporary front open kurta with detailed sleeves.,Kurta:: Party wear:: Dress::Kurti::KIAASA::Women Kurta,Kurti
KK0005-XXL,Default,Navy Blue Yarn Dyed Gathered Women's Kurti,Kiaasa,KK0005,XXL,simple,Regular,1699,Gathered,Knee Length,Blue,Women's,Yarn Dyed,Casual,Navy Blue,Cotton,1,Round,3/4 Sleeve,contemporary,Wash with like colors::First wash dry clean thereafter handwash,Fashion,No,Look smart in this contemporary front open kurta with detailed sleeves.,Kurta:: Party wear:: Dress::Kurti::KIAASA::Women Kurta,Kurti
KK0006-L,Default,Pink Plain A-line Women's Kurti,Kiaasa,KK0006,L,simple,Regular,2899,A-line,Calf Length,Pink,Women's,Plain,Casual,Pink,Cotton,1,"Mandarin Collar

",3/4 Sleeve,contemporary,Wash with like colors::First wash dry clean thereafter handwash,Fashion,No,"A perfect for summer, A-Line ,Asymmetric embroidered kurta with Detalings on sleeves and neck.",Kurta:: Party wear:: Dress::Kurti::KIAASA::Women Kurta,Kurti
KK0006-M,Default,Pink Plain A-line Women's Kurti,Kiaasa,KK0006,M,simple,Regular,2899,A-line,Calf Length,Pink,Women's,Plain,Casual,Pink,Cotton,1,"Mandarin Collar

",3/4 Sleeve,contemporary,Wash with like colors::First wash dry clean thereafter handwash,Fashion,No,"A perfect for summer, A-Line ,Asymmetric embroidered kurta with Detalings on sleeves and neck.",Kurta:: Party wear:: Dress::Kurti::KIAASA::Women Kurta,Kurti
KK0006-S,Default,Pink Plain A-line Women's Kurti,Kiaasa,KK0006,S,simple,Regular,2899,A-line,Calf Length,Pink,Women's,Plain,Casual,Pink,Cotton,1,"Mandarin Collar

",3/4 Sleeve,contemporary,Wash with like colors::First wash dry clean thereafter handwash,Fashion,No,"A perfect for summer, A-Line ,Asymmetric embroidered kurta with Detalings on sleeves and neck.",Kurta:: Party wear:: Dress::Kurti::KIAASA::Women Kurta,Kurti
KK0006-XL,Default,Pink Plain A-line Women's Kurti,Kiaasa,KK0006,XL,simple,Regular,2899,A-line,Calf Length,Pink,Women's,Plain,Casual,Pink,Cotton,1,"Mandarin Collar

",3/4 Sleeve,contemporary,Wash with like colors::First wash dry clean thereafter handwash,Fashion,No,"A perfect for summer, A-Line ,Asymmetric embroidered kurta with Detalings on sleeves and neck.",Kurta:: Party wear:: Dress::Kurti::KIAASA::Women Kurta,Kurti
KK0006-XXL,Default,Pink Plain A-line Women's Kurti,Kiaasa,KK0006,XXL,simple,Regular,2899,A-line,Calf Length,Pink,Women's,Plain,Casual,Pink,Cotton,1,"Mandarin Collar

",3/4 Sleeve,contemporary,Wash with like colors::First wash dry clean thereafter handwash,Fashion,No,"A perfect for summer, A-Line ,Asymmetric embroidered kurta with Detalings on sleeves and neck.",Kurta:: Party wear:: Dress::Kurti::KIAASA::Women Kurta,Kurti
KK0007-L,Default,White Plain A-line Women's Kurti,Kiaasa,KK0007,L,simple,Regular,2899,A-line,Calf Length,White,Women's,Plain,Casual,White,Cotton,1,"Mandarin Collar

",3/4 Sleeve,contemporary,Wash with like colors::First wash dry clean thereafter handwash,Fashion,No,"A perfect for summer, A-Line ,Asymmetric embroidered kurta with Detalings on sleeves and neck.",Kurta:: Party wear:: Dress::Kurti::KIAASA::Women Kurta,Kurti
KK0007-M,Default,White Plain A-line Women's Kurti,Kiaasa,KK0007,M,simple,Regular,2899,A-line,Calf Length,White,Women's,Plain,Casual,White,Cotton,1,"Mandarin Collar

",3/4 Sleeve,contemporary,Wash with like colors::First wash dry clean thereafter handwash,Fashion,No,"A perfect for summer, A-Line ,Asymmetric embroidered kurta with Detalings on sleeves and neck.",Kurta:: Party wear:: Dress::Kurti::KIAASA::Women Kurta,Kurti
KK0007-S,Default,White Plain A-line Women's Kurti,Kiaasa,KK0007,S,simple,Regular,2899,A-line,Calf Length,White,Women's,Plain,Casual,White,Cotton,1,"Mandarin Collar

",3/4 Sleeve,contemporary,Wash with like colors::First wash dry clean thereafter handwash,Fashion,No,"A perfect for summer, A-Line ,Asymmetric embroidered kurta with Detalings on sleeves and neck.",Kurta:: Party wear:: Dress::Kurti::KIAASA::Women Kurta,Kurti
KK0007-XL,Default,White Plain A-line Women's Kurti,Kiaasa,KK0007,XL,simple,Regular,2899,A-line,Calf Length,White,Women's,Plain,Casual,White,Cotton,1,"Mandarin Collar

",3/4 Sleeve,contemporary,Wash with like colors::First wash dry clean thereafter handwash,Fashion,No,"A perfect for summer, A-Line ,Asymmetric embroidered kurta with Detalings on sleeves and neck.",Kurta:: Party wear:: Dress::Kurti::KIAASA::Women Kurta,Kurti
KK0007-XXL,Default,White Plain A-line Women's Kurti,Kiaasa,KK0007,XXL,simple,Regular,2899,A-line,Calf Length,White,Women's,Plain,Casual,White,Cotton,1,"Mandarin Collar

",3/4 Sleeve,contemporary,Wash with like colors::First wash dry clean thereafter handwash,Fashion,No,"A perfect for summer, A-Line ,Asymmetric embroidered kurta with Detalings on sleeves and neck.",Kurta:: Party wear:: Dress::Kurti::KIAASA::Women Kurta,Kurti
KK0008-L,Default,Pink Printed Layered Women's Kurti,Kiaasa,KK0008,L,simple,Regular,4999,Layered,Ankle Length,Pink,Women's,Printed,Casual,Pink,Cotton,1,Round,3/4 Sleeve,contemporary,Wash with like colors::First wash dry clean thereafter handwash,Fashion,No,Grab attention in this elegant draped Printed layerd kurta with embroidery on neckline and detailings on front.,Kurta:: Party wear:: Dress::Kurti::KIAASA::Women Kurta,Kurti
KK0008-M,Default,Pink Printed Layered Women's Kurti,Kiaasa,KK0008,M,simple,Regular,4999,Layered,Ankle Length,Pink,Women's,Printed,Casual,Pink,Cotton,1,Round,3/4 Sleeve,contemporary,Wash with like colors::First wash dry clean thereafter handwash,Fashion,No,Grab attention in this elegant draped Printed layerd kurta with embroidery on neckline and detailings on front.,Kurta:: Party wear:: Dress::Kurti::KIAASA::Women Kurta,Kurti
KK0008-S,Default,Pink Printed Layered Women's Kurti,Kiaasa,KK0008,S,simple,Regular,4999,Layered,Ankle Length,Pink,Women's,Printed,Casual,Pink,Cotton,1,Round,3/4 Sleeve,contemporary,Wash with like colors::First wash dry clean thereafter handwash,Fashion,No,Grab attention in this elegant draped Printed layerd kurta with embroidery on neckline and detailings on front.,Kurta:: Party wear:: Dress::Kurti::KIAASA::Women Kurta,Kurti
KK0008-XL,Default,Pink Printed Layered Women's Kurti,Kiaasa,KK0008,XL,simple,Regular,4999,Layered,Ankle Length,Pink,Women's,Printed,Casual,Pink,Cotton,1,Round,3/4 Sleeve,contemporary,Wash with like colors::First wash dry clean thereafter handwash,Fashion,No,Grab attention in this elegant draped Printed layerd kurta with embroidery on neckline and detailings on front.,Kurta:: Party wear:: Dress::Kurti::KIAASA::Women Kurta,Kurti
KK0008-XXL,Default,Pink Printed Layered Women's Kurti,Kiaasa,KK0008,XXL,simple,Regular,4999,Layered,Ankle Length,Pink,Women's,Printed,Casual,Pink,Cotton,1,Round,3/4 Sleeve,contemporary,Wash with like colors::First wash dry clean thereafter handwash,Fashion,No,Grab attention in this elegant draped Printed layerd kurta with embroidery on neckline and detailings on front.,Kurta:: Party wear:: Dress::Kurti::KIAASA::Women Kurta,Kurti
KK0009-L,Default,Light Yellow Printed Layered Women's Kurti,Kiaasa,KK0009,L,simple,Regular,4999,Layered,Ankle Length,Light Yellow,Women's,Printed,Casual,Light Yellow,Cotton,1,Round,3/4 Sleeve,contemporary,Wash with like colors::First wash dry clean thereafter handwash,Fashion,No,Grab attention in this elegant draped Printed layerd kurta with embroidery on neckline and detailings on front.,Kurta:: Party wear:: Dress::Kurti::KIAASA::Women Kurta,Kurti
KK0009-M,Default,Light Yellow Printed Layered Women's Kurti,Kiaasa,KK0009,M,simple,Regular,4999,Layered,Ankle Length,Light Yellow,Women's,Printed,Casual,Light Yellow,Cotton,1,Round,3/4 Sleeve,contemporary,Wash with like colors::First wash dry clean thereafter handwash,Fashion,No,Grab attention in this elegant draped Printed layerd kurta with embroidery on neckline and detailings on front.,Kurta:: Party wear:: Dress::Kurti::KIAASA::Women Kurta,Kurti
KK0009-S,Default,Light Yellow Printed Layered Women's Kurti,Kiaasa,KK0009,S,simple,Regular,4999,Layered,Ankle Length,Light Yellow,Women's,Printed,Casual,Light Yellow,Cotton,1,Round,3/4 Sleeve,contemporary,Wash with like colors::First wash dry clean thereafter handwash,Fashion,No,Grab attention in this elegant draped Printed layerd kurta with embroidery on neckline and detailings on front.,Kurta:: Party wear:: Dress::Kurti::KIAASA::Women Kurta,Kurti
KK0009-XL,Default,Light Yellow Printed Layered Women's Kurti,Kiaasa,KK0009,XL,simple,Regular,4999,Layered,Ankle Length,Light Yellow,Women's,Printed,Casual,Light Yellow,Cotton,1,Round,3/4 Sleeve,contemporary,Wash with like colors::First wash dry clean thereafter handwash,Fashion,No,Grab attention in this elegant draped Printed layerd kurta with embroidery on neckline and detailings on front.,Kurta:: Party wear:: Dress::Kurti::KIAASA::Women Kurta,Kurti
KK0009-XXL,Default,Light Yellow Printed Layered Women's Kurti,Kiaasa,KK0009,XXL,simple,Regular,4999,Layered,Ankle Length,Light Yellow,Women's,Printed,Casual,Light Yellow,Cotton,1,Round,3/4 Sleeve,contemporary,Wash with like colors::First wash dry clean thereafter handwash,Fashion,No,Grab attention in this elegant draped Printed layerd kurta with embroidery on neckline and detailings on front.,Kurta:: Party wear:: Dress::Kurti::KIAASA::Women Kurta,Kurti
KK0010-L,Default,peach Solid A-line Women's Kurti,Kiaasa,KK0010,L,simple,Regular,3149,A-line,Calf Length,Peach,Women's,Solid,Casual,peach,Cotton,1,Round,Sleeveless,Ethnic Wear,Wash with like colors::First wash dry clean thereafter handwash,Fashion,No,A summer friendly sleevless paneled kurta with beautiful embroidery on yoke and lace detailing in the panels.,Kurta:: Party wear:: Dress::Kurti::KIAASA::Women Kurta,Kurti
KK0010-M,Default,peach Solid A-line Women's Kurti,Kiaasa,KK0010,M,simple,Regular,3149,A-line,Calf Length,Peach,Women's,Solid,Casual,peach,Cotton,1,Round,Sleeveless,Ethnic Wear,Wash with like colors::First wash dry clean thereafter handwash,Fashion,No,A summer friendly sleevless paneled kurta with beautiful embroidery on yoke and lace detailing in the panels.,Kurta:: Party wear:: Dress::Kurti::KIAASA::Women Kurta,Kurti
KK0010-S,Default,peach Solid A-line Women's Kurti,Kiaasa,KK0010,S,simple,Regular,3149,A-line,Calf Length,Peach,Women's,Solid,Casual,peach,Cotton,1,Round,Sleeveless,Ethnic Wear,Wash with like colors::First wash dry clean thereafter handwash,Fashion,No,A summer friendly sleevless paneled kurta with beautiful embroidery on yoke and lace detailing in the panels.,Kurta:: Party wear:: Dress::Kurti::KIAASA::Women Kurta,Kurti
KK0010-XL,Default,peach Solid A-line Women's Kurti,Kiaasa,KK0010,XL,simple,Regular,3149,A-line,Calf Length,Peach,Women's,Solid,Casual,peach,Cotton,1,Round,Sleeveless,Ethnic Wear,Wash with like colors::First wash dry clean thereafter handwash,Fashion,No,A summer friendly sleevless paneled kurta with beautiful embroidery on yoke and lace detailing in the panels.,Kurta:: Party wear:: Dress::Kurti::KIAASA::Women Kurta,Kurti
KK0010-XXL,Default,peach Solid A-line Women's Kurti,Kiaasa,KK0010,XXL,simple,Regular,3149,A-line,Calf Length,Peach,Women's,Solid,Casual,peach,Cotton,1,Round,Sleeveless,Ethnic Wear,Wash with like colors::First wash dry clean thereafter handwash,Fashion,No,A summer friendly sleevless paneled kurta with beautiful embroidery on yoke and lace detailing in the panels.,Kurta:: Party wear:: Dress::Kurti::KIAASA::Women Kurta,Kurti
KK0011-L,Default,Light Yellow Solid A-line Women's Kurti,Kiaasa,KK0011,L,simple,Regular,3149,A-line,Calf Length,Light Yellow,Women's,Solid,Casual,Light Yellow,Cotton,1,Round,Sleeveless,Ethnic Wear,Wash with like colors::First wash dry clean thereafter handwash,Fashion,No,A summer friendly sleevless paneled kurta with beautiful embroidery on yoke and lace detailing in the panels.,Kurta:: Party wear:: Dress::Kurti::KIAASA::Women Kurta,Kurti
KK0011-M,Default,Light Yellow Solid A-line Women's Kurti,Kiaasa,KK0011,M,simple,Regular,3149,A-line,Calf Length,Light Yellow,Women's,Solid,Casual,Light Yellow,Cotton,1,Round,Sleeveless,Ethnic Wear,Wash with like colors::First wash dry clean thereafter handwash,Fashion,No,A summer friendly sleevless paneled kurta with beautiful embroidery on yoke and lace detailing in the panels.,Kurta:: Party wear:: Dress::Kurti::KIAASA::Women Kurta,Kurti
KK0011-S,Default,Light Yellow Solid A-line Women's Kurti,Kiaasa,KK0011,S,simple,Regular,3149,A-line,Calf Length,Light Yellow,Women's,Solid,Casual,Light Yellow,Cotton,1,Round,Sleeveless,Ethnic Wear,Wash with like colors::First wash dry clean thereafter handwash,Fashion,No,A summer friendly sleevless paneled kurta with beautiful embroidery on yoke and lace detailing in the panels.,Kurta:: Party wear:: Dress::Kurti::KIAASA::Women Kurta,Kurti
KK0011-XL,Default,Light Yellow Solid A-line Women's Kurti,Kiaasa,KK0011,XL,simple,Regular,3149,A-line,Calf Length,Light Yellow,Women's,Solid,Casual,Light Yellow,Cotton,1,Round,Sleeveless,Ethnic Wear,Wash with like colors::First wash dry clean thereafter handwash,Fashion,No,A summer friendly sleevless paneled kurta with beautiful embroidery on yoke and lace detailing in the panels.,Kurta:: Party wear:: Dress::Kurti::KIAASA::Women Kurta,Kurti
KK0011-XXL,Default,Light Yellow Solid A-line Women's Kurti,Kiaasa,KK0011,XXL,simple,Regular,3149,A-line,Calf Length,Light Yellow,Women's,Solid,Casual,Light Yellow,Cotton,1,Round,Sleeveless,Ethnic Wear,Wash with like colors::First wash dry clean thereafter handwash,Fashion,No,A summer friendly sleevless paneled kurta with beautiful embroidery on yoke and lace detailing in the panels.,Kurta:: Party wear:: Dress::Kurti::KIAASA::Women Kurta,Kurti
KK0012-L,Default,Light Yellow Printed A-line Women's Kurti,Kiaasa,KK0012,L,simple,Regular,4149,A-line,Calf Length,Yellow,Women's,Printed,Semi Formal,Light Yellow,Cotton,1,"Mandarin Collar

",3/4 Sleeve,contemporary,Wash with like colors::First wash dry clean thereafter handwash,Fashion,No,An ocassion friendly paneled kurta with 3/4th sleeves & beautiful embroidered yoke. ,Kurta:: Party wear:: Dress::Kurti::KIAASA::Women Kurta,Kurti
KK0012-M,Default,Light Yellow Printed A-line Women's Kurti,Kiaasa,KK0012,M,simple,Regular,4149,A-line,Calf Length,Yellow,Women's,Printed,Semi Formal,Light Yellow,Cotton,1,"Mandarin Collar

",3/4 Sleeve,contemporary,Wash with like colors::First wash dry clean thereafter handwash,Fashion,No,An ocassion friendly paneled kurta with 3/4th sleeves & beautiful embroidered yoke. ,Kurta:: Party wear:: Dress::Kurti::KIAASA::Women Kurta,Kurti
KK0012-S,Default,Light Yellow Printed A-line Women's Kurti,Kiaasa,KK0012,S,simple,Regular,4149,A-line,Calf Length,Yellow,Women's,Printed,Semi Formal,Light Yellow,Cotton,1,"Mandarin Collar

",3/4 Sleeve,contemporary,Wash with like colors::First wash dry clean thereafter handwash,Fashion,No,An ocassion friendly paneled kurta with 3/4th sleeves & beautiful embroidered yoke. ,Kurta:: Party wear:: Dress::Kurti::KIAASA::Women Kurta,Kurti
KK0012-XL,Default,Light Yellow Printed A-line Women's Kurti,Kiaasa,KK0012,XL,simple,Regular,4149,A-line,Calf Length,Yellow,Women's,Printed,Semi Formal,Light Yellow,Cotton,1,"Mandarin Collar

",3/4 Sleeve,contemporary,Wash with like colors::First wash dry clean thereafter handwash,Fashion,No,An ocassion friendly paneled kurta with 3/4th sleeves & beautiful embroidered yoke. ,Kurta:: Party wear:: Dress::Kurti::KIAASA::Women Kurta,Kurti
KK0012-XXL,Default,Light Yellow Printed A-line Women's Kurti,Kiaasa,KK0012,XXL,simple,Regular,4149,A-line,Calf Length,Yellow,Women's,Printed,Semi Formal,Light Yellow,Cotton,1,"Mandarin Collar

",3/4 Sleeve,contemporary,Wash with like colors::First wash dry clean thereafter handwash,Fashion,No,An ocassion friendly paneled kurta with 3/4th sleeves & beautiful embroidered yoke. ,Kurta:: Party wear:: Dress::Kurti::KIAASA::Women Kurta,Kurti
KK0013-L,Default,Light Blue Printed A-line Women's Kurti,Kiaasa,KK0013,L,simple,Regular,4149,A-line,Calf Length,Light Blue,Women's,Printed,Semi Formal,Light Blue,Cotton,1,"Mandarin Collar

",3/4 Sleeve,contemporary,Wash with like colors::First wash dry clean thereafter handwash,Fashion,No,An ocassion friendly paneled kurta with 3/4th sleeves & beautiful embroidered yoke. ,Kurta:: Party wear:: Dress::Kurti::KIAASA::Women Kurta,Kurti
KK0013-M,Default,Light Blue Printed A-line Women's Kurti,Kiaasa,KK0013,M,simple,Regular,4149,A-line,Calf Length,Light Blue,Women's,Printed,Semi Formal,Light Blue,Cotton,1,"Mandarin Collar

",3/4 Sleeve,contemporary,Wash with like colors::First wash dry clean thereafter handwash,Fashion,No,An ocassion friendly paneled kurta with 3/4th sleeves & beautiful embroidered yoke. ,Kurta:: Party wear:: Dress::Kurti::KIAASA::Women Kurta,Kurti
KK0013-S,Default,Light Blue Printed A-line Women's Kurti,Kiaasa,KK0013,S,simple,Regular,4149,A-line,Calf Length,Light Blue,Women's,Printed,Semi Formal,Light Blue,Cotton,1,"Mandarin Collar

",3/4 Sleeve,contemporary,Wash with like colors::First wash dry clean thereafter handwash,Fashion,No,An ocassion friendly paneled kurta with 3/4th sleeves & beautiful embroidered yoke. ,Kurta:: Party wear:: Dress::Kurti::KIAASA::Women Kurta,Kurti
KK0013-XL,Default,Light Blue Printed A-line Women's Kurti,Kiaasa,KK0013,XL,simple,Regular,4149,A-line,Calf Length,Light Blue,Women's,Printed,Semi Formal,Light Blue,Cotton,1,"Mandarin Collar

",3/4 Sleeve,contemporary,Wash with like colors::First wash dry clean thereafter handwash,Fashion,No,An ocassion friendly paneled kurta with 3/4th sleeves & beautiful embroidered yoke. ,Kurta:: Party wear:: Dress::Kurti::KIAASA::Women Kurta,Kurti
KK0013-XXL,Default,Light Blue Printed A-line Women's Kurti,Kiaasa,KK0013,XXL,simple,Regular,4149,A-line,Calf Length,Light Blue,Women's,Printed,Semi Formal,Light Blue,Cotton,1,"Mandarin Collar

",3/4 Sleeve,contemporary,Wash with like colors::First wash dry clean thereafter handwash,Fashion,No,An ocassion friendly paneled kurta with 3/4th sleeves & beautiful embroidered yoke. ,Kurta:: Party wear:: Dress::Kurti::KIAASA::Women Kurta,Kurti
KK0014-L,Default,Light Blue Printed A-line Women's Kurti,Kiaasa,KK0014,L,simple,Regular,3349,A-line,Calf Length,Blue,Women's,Printed,Casual,Light Blue,Cotton,1,Round,3/4 Sleeve,Ethnic Wear,Wash with like colors::First wash dry clean thereafter handwash,Fashion,No,Grab attention in this beautiful Printed kurta with contrast colourful embroidery. ,Kurta:: Party wear:: Dress::Kurti::KIAASA::Women Kurta,Kurti
KK0014-M,Default,Light Blue Printed A-line Women's Kurti,Kiaasa,KK0014,M,simple,Regular,3349,A-line,Calf Length,Blue,Women's,Printed,Casual,Light Blue,Cotton,1,Round,3/4 Sleeve,Ethnic Wear,Wash with like colors::First wash dry clean thereafter handwash,Fashion,No,Grab attention in this beautiful Printed kurta with contrast colourful embroidery. ,Kurta:: Party wear:: Dress::Kurti::KIAASA::Women Kurta,Kurti
KK0014-S,Default,Light Blue Printed A-line Women's Kurti,Kiaasa,KK0014,S,simple,Regular,3349,A-line,Calf Length,Blue,Women's,Printed,Casual,Light Blue,Cotton,1,Round,3/4 Sleeve,Ethnic Wear,Wash with like colors::First wash dry clean thereafter handwash,Fashion,No,Grab attention in this beautiful Printed kurta with contrast colourful embroidery. ,Kurta:: Party wear:: Dress::Kurti::KIAASA::Women Kurta,Kurti
KK0014-XL,Default,Light Blue Printed A-line Women's Kurti,Kiaasa,KK0014,XL,simple,Regular,3349,A-line,Calf Length,Blue,Women's,Printed,Casual,Light Blue,Cotton,1,Round,3/4 Sleeve,Ethnic Wear,Wash with like colors::First wash dry clean thereafter handwash,Fashion,No,Grab attention in this beautiful Printed kurta with contrast colourful embroidery. ,Kurta:: Party wear:: Dress::Kurti::KIAASA::Women Kurta,Kurti
KK0014-XXL,Default,Light Blue Printed A-line Women's Kurti,Kiaasa,KK0014,XXL,simple,Regular,3349,A-line,Calf Length,Blue,Women's,Printed,Casual,Light Blue,Cotton,1,Round,3/4 Sleeve,Ethnic Wear,Wash with like colors::First wash dry clean thereafter handwash,Fashion,No,Grab attention in this beautiful Printed kurta with contrast colourful embroidery. ,Kurta:: Party wear:: Dress::Kurti::KIAASA::Women Kurta,Kurti
KK0015-L,Default,Beige Printed A-line Women's Kurti,Kiaasa,KK0015,L,simple,Regular,3349,A-line,Calf Length,Beige,Women's,Printed,Casual,Beige,Cotton,1,Round,3/4 Sleeve,Ethnic Wear,Wash with like colors::First wash dry clean thereafter handwash,Fashion,No,Grab attention in this beautiful Printed kurta with contrast colourful embroidery. ,Kurta:: Party wear:: Dress::Kurti::KIAASA::Women Kurta,Kurti
KK0015-M,Default,Beige Printed A-line Women's Kurti,Kiaasa,KK0015,M,simple,Regular,3349,A-line,Calf Length,Beige,Women's,Printed,Casual,Beige,Cotton,1,Round,3/4 Sleeve,Ethnic Wear,Wash with like colors::First wash dry clean thereafter handwash,Fashion,No,Grab attention in this beautiful Printed kurta with contrast colourful embroidery. ,Kurta:: Party wear:: Dress::Kurti::KIAASA::Women Kurta,Kurti
KK0015-S,Default,Beige Printed A-line Women's Kurti,Kiaasa,KK0015,S,simple,Regular,3349,A-line,Calf Length,Beige,Women's,Printed,Casual,Beige,Cotton,1,Round,3/4 Sleeve,Ethnic Wear,Wash with like colors::First wash dry clean thereafter handwash,Fashion,No,Grab attention in this beautiful Printed kurta with contrast colourful embroidery. ,Kurta:: Party wear:: Dress::Kurti::KIAASA::Women Kurta,Kurti
KK0015-XL,Default,Beige Printed A-line Women's Kurti,Kiaasa,KK0015,XL,simple,Regular,3349,A-line,Calf Length,Beige,Women's,Printed,Casual,Beige,Cotton,1,Round,3/4 Sleeve,Ethnic Wear,Wash with like colors::First wash dry clean thereafter handwash,Fashion,No,Grab attention in this beautiful Printed kurta with contrast colourful embroidery. ,Kurta:: Party wear:: Dress::Kurti::KIAASA::Women Kurta,Kurti
KK0015-XXL,Default,Beige Printed A-line Women's Kurti,Kiaasa,KK0015,XXL,simple,Regular,3349,A-line,Calf Length,Beige,Women's,Printed,Casual,Beige,Cotton,1,Round,3/4 Sleeve,Ethnic Wear,Wash with like colors::First wash dry clean thereafter handwash,Fashion,No,Grab attention in this beautiful Printed kurta with contrast colourful embroidery. ,Kurta:: Party wear:: Dress::Kurti::KIAASA::Women Kurta,Kurti
KK0016-L,Default,Yellow Solid Layered Women's Kurti,Kiaasa,KK0016,L,simple,Regular,4949,Layered,Ankle Length,Yellow,Women's,Solid,Semi Formal,Yellow,Cotton,1,"Mandarin Collar

",3/4 Sleeve,Ethnic Wear,Wash with like colors::First wash dry clean thereafter handwash,Fashion,No,"Summer special, smart contemporary Layred kurta with beautiful embroidery. ",Kurta:: Party wear:: Dress::Kurti::KIAASA::Women Kurta,Kurti
KK0016-M,Default,Yellow Solid Layered Women's Kurti,Kiaasa,KK0016,M,simple,Regular,4949,Layered,Ankle Length,Yellow,Women's,Solid,Semi Formal,Yellow,Cotton,1,"Mandarin Collar

",3/4 Sleeve,Ethnic Wear,Wash with like colors::First wash dry clean thereafter handwash,Fashion,No,"Summer special, smart contemporary Layred kurta with beautiful embroidery. ",Kurta:: Party wear:: Dress::Kurti::KIAASA::Women Kurta,Kurti
KK0016-S,Default,Yellow Solid Layered Women's Kurti,Kiaasa,KK0016,S,simple,Regular,4949,Layered,Ankle Length,Yellow,Women's,Solid,Semi Formal,Yellow,Cotton,1,"Mandarin Collar

",3/4 Sleeve,Ethnic Wear,Wash with like colors::First wash dry clean thereafter handwash,Fashion,No,"Summer special, smart contemporary Layred kurta with beautiful embroidery. ",Kurta:: Party wear:: Dress::Kurti::KIAASA::Women Kurta,Kurti
KK0016-XL,Default,Yellow Solid Layered Women's Kurti,Kiaasa,KK0016,XL,simple,Regular,4949,Layered,Ankle Length,Yellow,Women's,Solid,Semi Formal,Yellow,Cotton,1,"Mandarin Collar

",3/4 Sleeve,Ethnic Wear,Wash with like colors::First wash dry clean thereafter handwash,Fashion,No,"Summer special, smart contemporary Layred kurta with beautiful embroidery. ",Kurta:: Party wear:: Dress::Kurti::KIAASA::Women Kurta,Kurti
KK0016-XXL,Default,Yellow Solid Layered Women's Kurti,Kiaasa,KK0016,XXL,simple,Regular,4949,Layered,Ankle Length,Yellow,Women's,Solid,Semi Formal,Yellow,Cotton,1,"Mandarin Collar

",3/4 Sleeve,Ethnic Wear,Wash with like colors::First wash dry clean thereafter handwash,Fashion,No,"Summer special, smart contemporary Layred kurta with beautiful embroidery. ",Kurta:: Party wear:: Dress::Kurti::KIAASA::Women Kurta,Kurti
KK0017-L,Default,peach Solid Layered Women's Kurti,Kiaasa,KK0017,L,simple,Regular,4949,Layered,Ankle Length,Peach,Women's,Solid,Semi Formal,peach,Cotton,1,"Mandarin Collar

",3/4 Sleeve,Ethnic Wear,Wash with like colors::First wash dry clean thereafter handwash,Fashion,No,"Summer special, smart contemporary Layred kurta with beautiful embroidery. ",Kurta:: Party wear:: Dress::Kurti::KIAASA::Women Kurta,Kurti
KK0017-M,Default,peach Solid Layered Women's Kurti,Kiaasa,KK0017,M,simple,Regular,4949,Layered,Ankle Length,Peach,Women's,Solid,Semi Formal,peach,Cotton,1,"Mandarin Collar

",3/4 Sleeve,Ethnic Wear,Wash with like colors::First wash dry clean thereafter handwash,Fashion,No,"Summer special, smart contemporary Layred kurta with beautiful embroidery. ",Kurta:: Party wear:: Dress::Kurti::KIAASA::Women Kurta,Kurti
KK0017-S,Default,peach Solid Layered Women's Kurti,Kiaasa,KK0017,S,simple,Regular,4949,Layered,Ankle Length,Peach,Women's,Solid,Semi Formal,peach,Cotton,1,"Mandarin Collar

",3/4 Sleeve,Ethnic Wear,Wash with like colors::First wash dry clean thereafter handwash,Fashion,No,"Summer special, smart contemporary Layred kurta with beautiful embroidery. ",Kurta:: Party wear:: Dress::Kurti::KIAASA::Women Kurta,Kurti
KK0017-XL,Default,peach Solid Layered Women's Kurti,Kiaasa,KK0017,XL,simple,Regular,4949,Layered,Ankle Length,Peach,Women's,Solid,Semi Formal,peach,Cotton,1,"Mandarin Collar

",3/4 Sleeve,Ethnic Wear,Wash with like colors::First wash dry clean thereafter handwash,Fashion,No,"Summer special, smart contemporary Layred kurta with beautiful embroidery. ",Kurta:: Party wear:: Dress::Kurti::KIAASA::Women Kurta,Kurti
KK0017-XXL,Default,peach Solid Layered Women's Kurti,Kiaasa,KK0017,XXL,simple,Regular,4949,Layered,Ankle Length,Peach,Women's,Solid,Semi Formal,peach,Cotton,1,"Mandarin Collar

",3/4 Sleeve,Ethnic Wear,Wash with like colors::First wash dry clean thereafter handwash,Fashion,No,"Summer special, smart contemporary Layred kurta with beautiful embroidery. ",Kurta:: Party wear:: Dress::Kurti::KIAASA::Women Kurta,Kurti
KK0018-L,Default,peach Printed Layered Women's Kurti,Kiaasa,KK0018,L,simple,Regular,5449,Layered,Calf Length,Orange,Women's,Printed,Casual,peach,Cotton,2,Round,3/4 Sleeve,contemporary,Wash with like colors::First wash dry clean thereafter handwash,Fashion,No,"A Double layerd kurta with solid inner and beautiful embroidery on neckline, to enhance your look gracefull for summer.",Kurta:: Party wear:: Dress::Kurti::KIAASA::Women Kurta,Kurti
KK0018-M,Default,peach Printed Layered Women's Kurti,Kiaasa,KK0018,M,simple,Regular,5449,Layered,Calf Length,Orange,Women's,Printed,Casual,peach,Cotton,2,Round,3/4 Sleeve,contemporary,Wash with like colors::First wash dry clean thereafter handwash,Fashion,No,"A Double layerd kurta with solid inner and beautiful embroidery on neckline, to enhance your look gracefull for summer.",Kurta:: Party wear:: Dress::Kurti::KIAASA::Women Kurta,Kurti
KK0018-S,Default,peach Printed Layered Women's Kurti,Kiaasa,KK0018,S,simple,Regular,5449,Layered,Calf Length,Orange,Women's,Printed,Casual,peach,Cotton,2,Round,3/4 Sleeve,contemporary,Wash with like colors::First wash dry clean thereafter handwash,Fashion,No,"A Double layerd kurta with solid inner and beautiful embroidery on neckline, to enhance your look gracefull for summer.",Kurta:: Party wear:: Dress::Kurti::KIAASA::Women Kurta,Kurti
KK0018-XL,Default,peach Printed Layered Women's Kurti,Kiaasa,KK0018,XL,simple,Regular,5449,Layered,Calf Length,Orange,Women's,Printed,Casual,peach,Cotton,2,Round,3/4 Sleeve,contemporary,Wash with like colors::First wash dry clean thereafter handwash,Fashion,No,"A Double layerd kurta with solid inner and beautiful embroidery on neckline, to enhance your look gracefull for summer.",Kurta:: Party wear:: Dress::Kurti::KIAASA::Women Kurta,Kurti
KK0018-XXL,Default,peach Printed Layered Women's Kurti,Kiaasa,KK0018,XXL,simple,Regular,5449,Layered,Calf Length,Orange,Women's,Printed,Casual,peach,Cotton,2,Round,3/4 Sleeve,contemporary,Wash with like colors::First wash dry clean thereafter handwash,Fashion,No,"A Double layerd kurta with solid inner and beautiful embroidery on neckline, to enhance your look gracefull for summer.",Kurta:: Party wear:: Dress::Kurti::KIAASA::Women Kurta,Kurti
KK0019-L,Default,Sky Blue Printed Layered Women's Kurti,Kiaasa,KK0019,L,simple,Regular,5449,Layered,Calf Length,Sky Blue,Women's,Printed,Casual,Sky Blue,Cotton,2,Round,3/4 Sleeve,contemporary,Wash with like colors::First wash dry clean thereafter handwash,Fashion,No,"A Double layerd kurta with solid inner and beautiful embroidery on neckline, to enhance your look gracefull for summer.",Kurta:: Party wear:: Dress::Kurti::KIAASA::Women Kurta,Kurti
KK0019-M,Default,Sky Blue Printed Layered Women's Kurti,Kiaasa,KK0019,M,simple,Regular,5449,Layered,Calf Length,Sky Blue,Women's,Printed,Casual,Sky Blue,Cotton,2,Round,3/4 Sleeve,contemporary,Wash with like colors::First wash dry clean thereafter handwash,Fashion,No,"A Double layerd kurta with solid inner and beautiful embroidery on neckline, to enhance your look gracefull for summer.",Kurta:: Party wear:: Dress::Kurti::KIAASA::Women Kurta,Kurti
KK0019-S,Default,Sky Blue Printed Layered Women's Kurti,Kiaasa,KK0019,S,simple,Regular,5449,Layered,Calf Length,Sky Blue,Women's,Printed,Casual,Sky Blue,Cotton,2,Round,3/4 Sleeve,contemporary,Wash with like colors::First wash dry clean thereafter handwash,Fashion,No,"A Double layerd kurta with solid inner and beautiful embroidery on neckline, to enhance your look gracefull for summer.",Kurta:: Party wear:: Dress::Kurti::KIAASA::Women Kurta,Kurti
KK0019-XL,Default,Sky Blue Printed Layered Women's Kurti,Kiaasa,KK0019,XL,simple,Regular,5449,Layered,Calf Length,Sky Blue,Women's,Printed,Casual,Sky Blue,Cotton,2,Round,3/4 Sleeve,contemporary,Wash with like colors::First wash dry clean thereafter handwash,Fashion,No,"A Double layerd kurta with solid inner and beautiful embroidery on neckline, to enhance your look gracefull for summer.",Kurta:: Party wear:: Dress::Kurti::KIAASA::Women Kurta,Kurti
KK0019-XXL,Default,Sky Blue Printed Layered Women's Kurti,Kiaasa,KK0019,XXL,simple,Regular,5449,Layered,Calf Length,Sky Blue,Women's,Printed,Casual,Sky Blue,Cotton,2,Round,3/4 Sleeve,contemporary,Wash with like colors::First wash dry clean thereafter handwash,Fashion,No,"A Double layerd kurta with solid inner and beautiful embroidery on neckline, to enhance your look gracefull for summer.",Kurta:: Party wear:: Dress::Kurti::KIAASA::Women Kurta,Kurti
KK0020-L,Default,Pink Solid Layered Women's Kurti,Kiaasa,KK0020,L,simple,Regular,5999,Layered,Ankle Length,Pink,Women's,Solid,Casual,Pink,cotton dobby,1,Round,3/4 Sleeve,Ethnic Wear,Wash with like colors::First wash dry clean thereafter handwash,Fashion,No,"A must have, beautiful double layerd kurta with solid inner layer and over all thread embroidery on the top. ",Kurta:: Party wear:: Dress::Kurti::KIAASA::Women Kurta,Kurti
KK0020-M,Default,Pink Solid Layered Women's Kurti,Kiaasa,KK0020,M,simple,Regular,5999,Layered,Ankle Length,Pink,Women's,Solid,Casual,Pink,cotton dobby,1,Round,3/4 Sleeve,Ethnic Wear,Wash with like colors::First wash dry clean thereafter handwash,Fashion,No,"A must have, beautiful double layerd kurta with solid inner layer and over all thread embroidery on the top. ",Kurta:: Party wear:: Dress::Kurti::KIAASA::Women Kurta,Kurti
KK0020-S,Default,Pink Solid Layered Women's Kurti,Kiaasa,KK0020,S,simple,Regular,5999,Layered,Ankle Length,Pink,Women's,Solid,Casual,Pink,cotton dobby,1,Round,3/4 Sleeve,Ethnic Wear,Wash with like colors::First wash dry clean thereafter handwash,Fashion,No,"A must have, beautiful double layerd kurta with solid inner layer and over all thread embroidery on the top. ",Kurta:: Party wear:: Dress::Kurti::KIAASA::Women Kurta,Kurti
KK0020-XL,Default,Pink Solid Layered Women's Kurti,Kiaasa,KK0020,XL,simple,Regular,5999,Layered,Ankle Length,Pink,Women's,Solid,Casual,Pink,cotton dobby,1,Round,3/4 Sleeve,Ethnic Wear,Wash with like colors::First wash dry clean thereafter handwash,Fashion,No,"A must have, beautiful double layerd kurta with solid inner layer and over all thread embroidery on the top. ",Kurta:: Party wear:: Dress::Kurti::KIAASA::Women Kurta,Kurti
KK0020-XXL,Default,Pink Solid Layered Women's Kurti,Kiaasa,KK0020,XXL,simple,Regular,5999,Layered,Ankle Length,Pink,Women's,Solid,Casual,Pink,cotton dobby,1,Round,3/4 Sleeve,Ethnic Wear,Wash with like colors::First wash dry clean thereafter handwash,Fashion,No,"A must have, beautiful double layerd kurta with solid inner layer and over all thread embroidery on the top. ",Kurta:: Party wear:: Dress::Kurti::KIAASA::Women Kurta,Kurti
KK0021-L,Default,Sky Blue Solid Layered Women's Kurti,Kiaasa,KK0021,L,simple,Regular,5999,Layered,Ankle Length,Sky Blue,Women's,Solid,Casual,Sky Blue,cotton dobby,1,Round,3/4 Sleeve,Ethnic Wear,Wash with like colors::First wash dry clean thereafter handwash,Fashion,No,"A must have, beautiful double layerd kurta with solid inner layer and over all thread embroidery on the top. ",Kurta:: Party wear:: Dress::Kurti::KIAASA::Women Kurta,Kurti
KK0021-M,Default,Sky Blue Solid Layered Women's Kurti,Kiaasa,KK0021,M,simple,Regular,5999,Layered,Ankle Length,Sky Blue,Women's,Solid,Casual,Sky Blue,cotton dobby,1,Round,3/4 Sleeve,Ethnic Wear,Wash with like colors::First wash dry clean thereafter handwash,Fashion,No,"A must have, beautiful double layerd kurta with solid inner layer and over all thread embroidery on the top. ",Kurta:: Party wear:: Dress::Kurti::KIAASA::Women Kurta,Kurti
KK0021-S,Default,Sky Blue Solid Layered Women's Kurti,Kiaasa,KK0021,S,simple,Regular,5999,Layered,Ankle Length,Sky Blue,Women's,Solid,Casual,Sky Blue,cotton dobby,1,Round,3/4 Sleeve,Ethnic Wear,Wash with like colors::First wash dry clean thereafter handwash,Fashion,No,"A must have, beautiful double layerd kurta with solid inner layer and over all thread embroidery on the top. ",Kurta:: Party wear:: Dress::Kurti::KIAASA::Women Kurta,Kurti
KK0021-XL,Default,Sky Blue Solid Layered Women's Kurti,Kiaasa,KK0021,XL,simple,Regular,5999,Layered,Ankle Length,Sky Blue,Women's,Solid,Casual,Sky Blue,cotton dobby,1,Round,3/4 Sleeve,Ethnic Wear,Wash with like colors::First wash dry clean thereafter handwash,Fashion,No,"A must have, beautiful double layerd kurta with solid inner layer and over all thread embroidery on the top. ",Kurta:: Party wear:: Dress::Kurti::KIAASA::Women Kurta,Kurti
KK0021-XXL,Default,Sky Blue Solid Layered Women's Kurti,Kiaasa,KK0021,XXL,simple,Regular,5999,Layered,Ankle Length,Sky Blue,Women's,Solid,Casual,Sky Blue,cotton dobby,1,Round,3/4 Sleeve,Ethnic Wear,Wash with like colors::First wash dry clean thereafter handwash,Fashion,No,"A must have, beautiful double layerd kurta with solid inner layer and over all thread embroidery on the top. ",Kurta:: Party wear:: Dress::Kurti::KIAASA::Women Kurta,Kurti
KK0022-L,Default,Off-White Solid Layered Women's Kurti,Kiaasa,KK0022,L,simple,Regular,4699,Layered,Ankle Length,Off-White,Women's,Solid,Semi Formal,Off-White,Georgette,1,Round,3/4 Sleeve,Indo Western,Wash with like colors::First wash dry clean thereafter handwash,Fashion,No,Perfect to grab attention in this Double layerd kurta with solid inner layer and beautiful colourful embroidery around the neckline and waistline.,Kurta:: Party wear:: Dress::Kurti::KIAASA::Women Kurta,Kurti
KK0022-M,Default,Off-White Solid Layered Women's Kurti,Kiaasa,KK0022,M,simple,Regular,4699,Layered,Ankle Length,Off-White,Women's,Solid,Semi Formal,Off-White,Georgette,1,Round,3/4 Sleeve,Indo Western,Wash with like colors::First wash dry clean thereafter handwash,Fashion,No,Perfect to grab attention in this Double layerd kurta with solid inner layer and beautiful colourful embroidery around the neckline and waistline.,Kurta:: Party wear:: Dress::Kurti::KIAASA::Women Kurta,Kurti
KK0022-S,Default,Off-White Solid Layered Women's Kurti,Kiaasa,KK0022,S,simple,Regular,4699,Layered,Ankle Length,Off-White,Women's,Solid,Semi Formal,Off-White,Georgette,1,Round,3/4 Sleeve,Indo Western,Wash with like colors::First wash dry clean thereafter handwash,Fashion,No,Perfect to grab attention in this Double layerd kurta with solid inner layer and beautiful colourful embroidery around the neckline and waistline.,Kurta:: Party wear:: Dress::Kurti::KIAASA::Women Kurta,Kurti
KK0022-XL,Default,Off-White Solid Layered Women's Kurti,Kiaasa,KK0022,XL,simple,Regular,4699,Layered,Ankle Length,Off-White,Women's,Solid,Semi Formal,Off-White,Georgette,1,Round,3/4 Sleeve,Indo Western,Wash with like colors::First wash dry clean thereafter handwash,Fashion,No,Perfect to grab attention in this Double layerd kurta with solid inner layer and beautiful colourful embroidery around the neckline and waistline.,Kurta:: Party wear:: Dress::Kurti::KIAASA::Women Kurta,Kurti
KK0022-XXL,Default,Off-White Solid Layered Women's Kurti,Kiaasa,KK0022,XXL,simple,Regular,4699,Layered,Ankle Length,Off-White,Women's,Solid,Semi Formal,Off-White,Georgette,1,Round,3/4 Sleeve,Indo Western,Wash with like colors::First wash dry clean thereafter handwash,Fashion,No,Perfect to grab attention in this Double layerd kurta with solid inner layer and beautiful colourful embroidery around the neckline and waistline.,Kurta:: Party wear:: Dress::Kurti::KIAASA::Women Kurta,Kurti
KK0023-L,Default,peach Solid Layered Women's Kurti,Kiaasa,KK0023,L,simple,Regular,4699,Layered,Ankle Length,Peach,Women's,Solid,Semi Formal,peach,Georgette,1,Round,3/4 Sleeve,Indo Western,Wash with like colors::First wash dry clean thereafter handwash,Fashion,No,Perfect to grab attention in this Double layerd kurta with solid inner layer and beautiful colourful embroidery around the neckline and waistline.,Kurta:: Party wear:: Dress::Kurti::KIAASA::Women Kurta,Kurti
KK0023-M,Default,peach Solid Layered Women's Kurti,Kiaasa,KK0023,M,simple,Regular,4699,Layered,Ankle Length,Peach,Women's,Solid,Semi Formal,peach,Georgette,1,Round,3/4 Sleeve,Indo Western,Wash with like colors::First wash dry clean thereafter handwash,Fashion,No,Perfect to grab attention in this Double layerd kurta with solid inner layer and beautiful colourful embroidery around the neckline and waistline.,Kurta:: Party wear:: Dress::Kurti::KIAASA::Women Kurta,Kurti
KK0023-S,Default,peach Solid Layered Women's Kurti,Kiaasa,KK0023,S,simple,Regular,4699,Layered,Ankle Length,Peach,Women's,Solid,Semi Formal,peach,Georgette,1,Round,3/4 Sleeve,Indo Western,Wash with like colors::First wash dry clean thereafter handwash,Fashion,No,Perfect to grab attention in this Double layerd kurta with solid inner layer and beautiful colourful embroidery around the neckline and waistline.,Kurta:: Party wear:: Dress::Kurti::KIAASA::Women Kurta,Kurti
KK0023-XL,Default,peach Solid Layered Women's Kurti,Kiaasa,KK0023,XL,simple,Regular,4699,Layered,Ankle Length,Peach,Women's,Solid,Semi Formal,peach,Georgette,1,Round,3/4 Sleeve,Indo Western,Wash with like colors::First wash dry clean thereafter handwash,Fashion,No,Perfect to grab attention in this Double layerd kurta with solid inner layer and beautiful colourful embroidery around the neckline and waistline.,Kurta:: Party wear:: Dress::Kurti::KIAASA::Women Kurta,Kurti
KK0023-XXL,Default,peach Solid Layered Women's Kurti,Kiaasa,KK0023,XXL,simple,Regular,4699,Layered,Ankle Length,Peach,Women's,Solid,Semi Formal,peach,Georgette,1,Round,3/4 Sleeve,Indo Western,Wash with like colors::First wash dry clean thereafter handwash,Fashion,No,Perfect to grab attention in this Double layerd kurta with solid inner layer and beautiful colourful embroidery around the neckline and waistline.,Kurta:: Party wear:: Dress::Kurti::KIAASA::Women Kurta,Kurti
KK0024-L,Default,coral Solid Cape  Women's Kurti,Kiaasa,KK0024,L,simple,Regular,5349,Cape ,Ankle Length,Coral,Women's,Solid,Semi Formal,coral,Georgette,1,Round,Sleeveless,Indo Western,Wash with like colors::First wash dry clean thereafter handwash,Fashion,No,"An occasion friendly, to make your attire up to date, beautiful tiered, nicely allover embroidered cape gown.",Kurta:: Party wear:: Dress::Kurti::KIAASA::Women Kurta,Kurti
KK0024-M,Default,coral Solid Cape  Women's Kurti,Kiaasa,KK0024,M,simple,Regular,5349,Cape ,Ankle Length,Coral,Women's,Solid,Semi Formal,coral,Georgette,1,Round,Sleeveless,Indo Western,Wash with like colors::First wash dry clean thereafter handwash,Fashion,No,"An occasion friendly, to make your attire up to date, beautiful tiered, nicely allover embroidered cape gown.",Kurta:: Party wear:: Dress::Kurti::KIAASA::Women Kurta,Kurti
KK0024-S,Default,coral Solid Cape  Women's Kurti,Kiaasa,KK0024,S,simple,Regular,5349,Cape ,Ankle Length,Coral,Women's,Solid,Semi Formal,coral,Georgette,1,Round,Sleeveless,Indo Western,Wash with like colors::First wash dry clean thereafter handwash,Fashion,No,"An occasion friendly, to make your attire up to date, beautiful tiered, nicely allover embroidered cape gown.",Kurta:: Party wear:: Dress::Kurti::KIAASA::Women Kurta,Kurti
KK0024-XL,Default,coral Solid Cape  Women's Kurti,Kiaasa,KK0024,XL,simple,Regular,5349,Cape ,Ankle Length,Coral,Women's,Solid,Semi Formal,coral,Georgette,1,Round,Sleeveless,Indo Western,Wash with like colors::First wash dry clean thereafter handwash,Fashion,No,"An occasion friendly, to make your attire up to date, beautiful tiered, nicely allover embroidered cape gown.",Kurta:: Party wear:: Dress::Kurti::KIAASA::Women Kurta,Kurti
KK0024-XXL,Default,coral Solid Cape  Women's Kurti,Kiaasa,KK0024,XXL,simple,Regular,5349,Cape ,Ankle Length,Coral,Women's,Solid,Semi Formal,coral,Georgette,1,Round,Sleeveless,Indo Western,Wash with like colors::First wash dry clean thereafter handwash,Fashion,No,"An occasion friendly, to make your attire up to date, beautiful tiered, nicely allover embroidered cape gown.",Kurta:: Party wear:: Dress::Kurti::KIAASA::Women Kurta,Kurti
KK0025-L,Default,Navy Blue Solid Cape  Women's Kurti,Kiaasa,KK0025,L,simple,Regular,5349,Cape ,Ankle Length,Navy Blue,Women's,Solid,Semi Formal,Navy Blue,Georgette,1,Round,Sleeveless,Indo Western,Wash with like colors::First wash dry clean thereafter handwash,Fashion,No,"An occasion friendly, to make your attire up to date, beautiful tiered, nicely allover embroidered cape gown.",Kurta:: Party wear:: Dress::Kurti::KIAASA::Women Kurta,Kurti
KK0025-M,Default,Navy Blue Solid Cape  Women's Kurti,Kiaasa,KK0025,M,simple,Regular,5349,Cape ,Ankle Length,Navy Blue,Women's,Solid,Semi Formal,Navy Blue,Georgette,1,Round,Sleeveless,Indo Western,Wash with like colors::First wash dry clean thereafter handwash,Fashion,No,"An occasion friendly, to make your attire up to date, beautiful tiered, nicely allover embroidered cape gown.",Kurta:: Party wear:: Dress::Kurti::KIAASA::Women Kurta,Kurti
KK0025-S,Default,Navy Blue Solid Cape  Women's Kurti,Kiaasa,KK0025,S,simple,Regular,5349,Cape ,Ankle Length,Navy Blue,Women's,Solid,Semi Formal,Navy Blue,Georgette,1,Round,Sleeveless,Indo Western,Wash with like colors::First wash dry clean thereafter handwash,Fashion,No,"An occasion friendly, to make your attire up to date, beautiful tiered, nicely allover embroidered cape gown.",Kurta:: Party wear:: Dress::Kurti::KIAASA::Women Kurta,Kurti
KK0025-XL,Default,Navy Blue Solid Cape  Women's Kurti,Kiaasa,KK0025,XL,simple,Regular,5349,Cape ,Ankle Length,Navy Blue,Women's,Solid,Semi Formal,Navy Blue,Georgette,1,Round,Sleeveless,Indo Western,Wash with like colors::First wash dry clean thereafter handwash,Fashion,No,"An occasion friendly, to make your attire up to date, beautiful tiered, nicely allover embroidered cape gown.",Kurta:: Party wear:: Dress::Kurti::KIAASA::Women Kurta,Kurti
KK0025-XXL,Default,Navy Blue Solid Cape  Women's Kurti,Kiaasa,KK0025,XXL,simple,Regular,5349,Cape ,Ankle Length,Navy Blue,Women's,Solid,Semi Formal,Navy Blue,Georgette,1,Round,Sleeveless,Indo Western,Wash with like colors::First wash dry clean thereafter handwash,Fashion,No,"An occasion friendly, to make your attire up to date, beautiful tiered, nicely allover embroidered cape gown.",Kurta:: Party wear:: Dress::Kurti::KIAASA::Women Kurta,Kurti
KK0026-L,Default,Beige Printed A-line Women's Kurti,Kiaasa,KK0026,L,simple,Regular,2499,A-line,Calf Length,Beige,Women's,Printed,Casual,Beige,Cotton,1,"Mandarin Collar

",3/4 Sleeve,Ethnic Wear,Wash with like colors::First wash dry clean thereafter handwash,Fashion,No,"A must have, Printed kurta with muilti colourful embroidery around the neckline.",Kurta:: Party wear:: Dress::Kurti::KIAASA::Women Kurta,Kurti
KK0026-M,Default,Beige Printed A-line Women's Kurti,Kiaasa,KK0026,M,simple,Regular,2499,A-line,Calf Length,Beige,Women's,Printed,Casual,Beige,Cotton,1,"Mandarin Collar

",3/4 Sleeve,Ethnic Wear,Wash with like colors::First wash dry clean thereafter handwash,Fashion,No,"A must have, Printed kurta with muilti colourful embroidery around the neckline.",Kurta:: Party wear:: Dress::Kurti::KIAASA::Women Kurta,Kurti
KK0026-S,Default,Beige Printed A-line Women's Kurti,Kiaasa,KK0026,S,simple,Regular,2499,A-line,Calf Length,Beige,Women's,Printed,Casual,Beige,Cotton,1,"Mandarin Collar

",3/4 Sleeve,Ethnic Wear,Wash with like colors::First wash dry clean thereafter handwash,Fashion,No,"A must have, Printed kurta with muilti colourful embroidery around the neckline.",Kurta:: Party wear:: Dress::Kurti::KIAASA::Women Kurta,Kurti
KK0026-XL,Default,Beige Printed A-line Women's Kurti,Kiaasa,KK0026,XL,simple,Regular,2499,A-line,Calf Length,Beige,Women's,Printed,Casual,Beige,Cotton,1,"Mandarin Collar

",3/4 Sleeve,Ethnic Wear,Wash with like colors::First wash dry clean thereafter handwash,Fashion,No,"A must have, Printed kurta with muilti colourful embroidery around the neckline.",Kurta:: Party wear:: Dress::Kurti::KIAASA::Women Kurta,Kurti
KK0026-XXL,Default,Beige Printed A-line Women's Kurti,Kiaasa,KK0026,XXL,simple,Regular,2499,A-line,Calf Length,Beige,Women's,Printed,Casual,Beige,Cotton,1,"Mandarin Collar

",3/4 Sleeve,Ethnic Wear,Wash with like colors::First wash dry clean thereafter handwash,Fashion,No,"A must have, Printed kurta with muilti colourful embroidery around the neckline.",Kurta:: Party wear:: Dress::Kurti::KIAASA::Women Kurta,Kurti
KK0027-L,Default,Light pinK Printed A-line Women's Kurti,Kiaasa,KK0027,L,simple,Regular,2499,A-line,Calf Length,Light Pink,Women's,Printed,Casual,Light pinK,Cotton,1,"Mandarin Collar

",3/4 Sleeve,Ethnic Wear,Wash with like colors::First wash dry clean thereafter handwash,Fashion,No,"A must have, Printed kurta with muilti colourful embroidery around the neckline.",Kurta:: Party wear:: Dress::Kurti::KIAASA::Women Kurta,Kurti
KK0027-M,Default,Light pinK Printed A-line Women's Kurti,Kiaasa,KK0027,M,simple,Regular,2499,A-line,Calf Length,Light Pink,Women's,Printed,Casual,Light pinK,Cotton,1,"Mandarin Collar

",3/4 Sleeve,Ethnic Wear,Wash with like colors::First wash dry clean thereafter handwash,Fashion,No,"A must have, Printed kurta with muilti colourful embroidery around the neckline.",Kurta:: Party wear:: Dress::Kurti::KIAASA::Women Kurta,Kurti
KK0027-S,Default,Light pinK Printed A-line Women's Kurti,Kiaasa,KK0027,S,simple,Regular,2499,A-line,Calf Length,Light Pink,Women's,Printed,Casual,Light pinK,Cotton,1,"Mandarin Collar

",3/4 Sleeve,Ethnic Wear,Wash with like colors::First wash dry clean thereafter handwash,Fashion,No,"A must have, Printed kurta with muilti colourful embroidery around the neckline.",Kurta:: Party wear:: Dress::Kurti::KIAASA::Women Kurta,Kurti
KK0027-XL,Default,Light pinK Printed A-line Women's Kurti,Kiaasa,KK0027,XL,simple,Regular,2499,A-line,Calf Length,Light Pink,Women's,Printed,Casual,Light pinK,Cotton,1,"Mandarin Collar

",3/4 Sleeve,Ethnic Wear,Wash with like colors::First wash dry clean thereafter handwash,Fashion,No,"A must have, Printed kurta with muilti colourful embroidery around the neckline.",Kurta:: Party wear:: Dress::Kurti::KIAASA::Women Kurta,Kurti
KK0027-XXL,Default,Light pinK Printed A-line Women's Kurti,Kiaasa,KK0027,XXL,simple,Regular,2499,A-line,Calf Length,Light Pink,Women's,Printed,Casual,Light pinK,Cotton,1,"Mandarin Collar

",3/4 Sleeve,Ethnic Wear,Wash with like colors::First wash dry clean thereafter handwash,Fashion,No,"A must have, Printed kurta with muilti colourful embroidery around the neckline.",Kurta:: Party wear:: Dress::Kurti::KIAASA::Women Kurta,Kurti
KK0028-L,Default,coral Solid A-line Women's Kurti,Kiaasa,KK0028,L,simple,Regular,1249,A-line,Calf Length,Coral,Women's,Solid,Casual,coral,Polyester,1,"Mandarin Collar

",Half Sleeves,contemporary,Wash with like colors::First wash dry clean thereafter handwash,Fashion,No,Look smart in this beautiful Kurta with front placket and cuffed sleeves with buttons detailings.,Kurta:: Party wear:: Dress::Kurti::KIAASA::Women Kurta,Kurti
KK0028-M,Default,coral Solid A-line Women's Kurti,Kiaasa,KK0028,M,simple,Regular,1249,A-line,Calf Length,Coral,Women's,Solid,Casual,coral,Polyester,1,"Mandarin Collar

",Half Sleeves,contemporary,Wash with like colors::First wash dry clean thereafter handwash,Fashion,No,Look smart in this beautiful Kurta with front placket and cuffed sleeves with buttons detailings.,Kurta:: Party wear:: Dress::Kurti::KIAASA::Women Kurta,Kurti
KK0028-S,Default,coral Solid A-line Women's Kurti,Kiaasa,KK0028,S,simple,Regular,1249,A-line,Calf Length,Coral,Women's,Solid,Casual,coral,Polyester,1,"Mandarin Collar

",Half Sleeves,contemporary,Wash with like colors::First wash dry clean thereafter handwash,Fashion,No,Look smart in this beautiful Kurta with front placket and cuffed sleeves with buttons detailings.,Kurta:: Party wear:: Dress::Kurti::KIAASA::Women Kurta,Kurti
KK0028-XL,Default,coral Solid A-line Women's Kurti,Kiaasa,KK0028,XL,simple,Regular,1249,A-line,Calf Length,Coral,Women's,Solid,Casual,coral,Polyester,1,"Mandarin Collar

",Half Sleeves,contemporary,Wash with like colors::First wash dry clean thereafter handwash,Fashion,No,Look smart in this beautiful Kurta with front placket and cuffed sleeves with buttons detailings.,Kurta:: Party wear:: Dress::Kurti::KIAASA::Women Kurta,Kurti
KK0028-XS,Default,coral Solid A-line Women's Kurti,Kiaasa,KK0028,XS,simple,Regular,1249,A-line,Calf Length,Coral,Women's,Solid,Casual,coral,Polyester,1,"Mandarin Collar

",Half Sleeves,contemporary,Wash with like colors::First wash dry clean thereafter handwash,Fashion,No,Look smart in this beautiful Kurta with front placket and cuffed sleeves with buttons detailings.,Kurta:: Party wear:: Dress::Kurti::KIAASA::Women Kurta,Kurti
KK0028-XXL,Default,coral Solid A-line Women's Kurti,Kiaasa,KK0028,XXL,simple,Regular,1249,A-line,Calf Length,Coral,Women's,Solid,Casual,coral,Polyester,1,"Mandarin Collar

",Half Sleeves,contemporary,Wash with like colors::First wash dry clean thereafter handwash,Fashion,No,Look smart in this beautiful Kurta with front placket and cuffed sleeves with buttons detailings.,Kurta:: Party wear:: Dress::Kurti::KIAASA::Women Kurta,Kurti
KK0030-L,Default,green Yarn Dyed flared Women's Kurti,Kiaasa,KK0030,L,simple,Regular,2999,flared,Calf Length,Green,Women's,Yarn Dyed,Casual,green,Cotton,1,Round,3/4 Sleeve,contemporary,Wash with like colors::First wash dry clean thereafter handwash,Fashion,No,An occasion special yarn-dyed kurta with buttons detailings on front and cuffed sleeves.,Kurta:: Party wear:: Dress::Kurti::KIAASA::Women Kurta,Kurti
KK0030-M,Default,green Yarn Dyed flared Women's Kurti,Kiaasa,KK0030,M,simple,Regular,2999,flared,Calf Length,Green,Women's,Yarn Dyed,Casual,green,Cotton,1,Round,3/4 Sleeve,contemporary,Wash with like colors::First wash dry clean thereafter handwash,Fashion,No,An occasion special yarn-dyed kurta with buttons detailings on front and cuffed sleeves.,Kurta:: Party wear:: Dress::Kurti::KIAASA::Women Kurta,Kurti
KK0030-S,Default,green Yarn Dyed flared Women's Kurti,Kiaasa,KK0030,S,simple,Regular,2999,flared,Calf Length,Green,Women's,Yarn Dyed,Casual,green,Cotton,1,Round,3/4 Sleeve,contemporary,Wash with like colors::First wash dry clean thereafter handwash,Fashion,No,An occasion special yarn-dyed kurta with buttons detailings on front and cuffed sleeves.,Kurta:: Party wear:: Dress::Kurti::KIAASA::Women Kurta,Kurti
KK0030-XL,Default,green Yarn Dyed flared Women's Kurti,Kiaasa,KK0030,XL,simple,Regular,2999,flared,Calf Length,Green,Women's,Yarn Dyed,Casual,green,Cotton,1,Round,3/4 Sleeve,contemporary,Wash with like colors::First wash dry clean thereafter handwash,Fashion,No,An occasion special yarn-dyed kurta with buttons detailings on front and cuffed sleeves.,Kurta:: Party wear:: Dress::Kurti::KIAASA::Women Kurta,Kurti
KK0030-XS,Default,green Yarn Dyed flared Women's Kurti,Kiaasa,KK0030,XS,simple,Regular,2999,flared,Calf Length,Green,Women's,Yarn Dyed,Casual,green,Cotton,1,Round,3/4 Sleeve,contemporary,Wash with like colors::First wash dry clean thereafter handwash,Fashion,No,An occasion special yarn-dyed kurta with buttons detailings on front and cuffed sleeves.,Kurta:: Party wear:: Dress::Kurti::KIAASA::Women Kurta,Kurti
KK0030-XXL,Default,green Yarn Dyed flared Women's Kurti,Kiaasa,KK0030,XXL,simple,Regular,2999,flared,Calf Length,Green,Women's,Yarn Dyed,Casual,green,Cotton,1,Round,3/4 Sleeve,contemporary,Wash with like colors::First wash dry clean thereafter handwash,Fashion,No,An occasion special yarn-dyed kurta with buttons detailings on front and cuffed sleeves.,Kurta:: Party wear:: Dress::Kurti::KIAASA::Women Kurta,Kurti
KK0031-L,Default,Multicolor Yarn Dyed A-line Women's Kurti,Kiaasa,KK0031,L,simple,Regular,1999,A-line,Calf Length,Multicolor,Women's,Yarn Dyed,Casual,Multicolor,cotton Blend,1,Round,3/4 Sleeve,contemporary,Wash with like colors::First wash dry clean thereafter handwash,Fashion,No,"Feel special in this beautiful Yarn-dyed, A-Line kurta with buttons detailings on front.",Kurta:: Party wear:: Dress::Kurti::KIAASA::Women Kurta,Kurti
KK0031-M,Default,Multicolor Yarn Dyed A-line Women's Kurti,Kiaasa,KK0031,M,simple,Regular,1999,A-line,Calf Length,Multicolor,Women's,Yarn Dyed,Casual,Multicolor,cotton Blend,1,Round,3/4 Sleeve,contemporary,Wash with like colors::First wash dry clean thereafter handwash,Fashion,No,"Feel special in this beautiful Yarn-dyed, A-Line kurta with buttons detailings on front.",Kurta:: Party wear:: Dress::Kurti::KIAASA::Women Kurta,Kurti
KK0031-S,Default,Multicolor Yarn Dyed A-line Women's Kurti,Kiaasa,KK0031,S,simple,Regular,1999,A-line,Calf Length,Multicolor,Women's,Yarn Dyed,Casual,Multicolor,cotton Blend,1,Round,3/4 Sleeve,contemporary,Wash with like colors::First wash dry clean thereafter handwash,Fashion,No,"Feel special in this beautiful Yarn-dyed, A-Line kurta with buttons detailings on front.",Kurta:: Party wear:: Dress::Kurti::KIAASA::Women Kurta,Kurti
KK0031-XL,Default,Multicolor Yarn Dyed A-line Women's Kurti,Kiaasa,KK0031,XL,simple,Regular,1999,A-line,Calf Length,Multicolor,Women's,Yarn Dyed,Casual,Multicolor,cotton Blend,1,Round,3/4 Sleeve,contemporary,Wash with like colors::First wash dry clean thereafter handwash,Fashion,No,"Feel special in this beautiful Yarn-dyed, A-Line kurta with buttons detailings on front.",Kurta:: Party wear:: Dress::Kurti::KIAASA::Women Kurta,Kurti
KK0031-XS,Default,Multicolor Yarn Dyed A-line Women's Kurti,Kiaasa,KK0031,XS,simple,Regular,1999,A-line,Calf Length,Multicolor,Women's,Yarn Dyed,Casual,Multicolor,cotton Blend,1,Round,3/4 Sleeve,contemporary,Wash with like colors::First wash dry clean thereafter handwash,Fashion,No,"Feel special in this beautiful Yarn-dyed, A-Line kurta with buttons detailings on front.",Kurta:: Party wear:: Dress::Kurti::KIAASA::Women Kurta,Kurti
KK0031-XXL,Default,Multicolor Yarn Dyed A-line Women's Kurti,Kiaasa,KK0031,XXL,simple,Regular,1999,A-line,Calf Length,Multicolor,Women's,Yarn Dyed,Casual,Multicolor,cotton Blend,1,Round,3/4 Sleeve,contemporary,Wash with like colors::First wash dry clean thereafter handwash,Fashion,No,"Feel special in this beautiful Yarn-dyed, A-Line kurta with buttons detailings on front.",Kurta:: Party wear:: Dress::Kurti::KIAASA::Women Kurta,Kurti
KK0032-L,Default,peach Printed Asymmetric Women's Kurti,Kiaasa,KK0032,L,simple,Regular,2999,Asymmetric,Calf Length,Pink,Women's,Printed,Casual,peach,Cotton,1,Round,Half Sleeves,contemporary,Wash with like colors::First wash dry clean thereafter handwash,Fashion,Yes,Grab attention in this beautiful contemporary printed kurta with buttons detailing on front ,Kurta:: Party wear:: Dress::Kurti::KIAASA::Women Kurta,Kurti
KK0032-M,Default,peach Printed Asymmetric Women's Kurti,Kiaasa,KK0032,M,simple,Regular,2999,Asymmetric,Calf Length,Pink,Women's,Printed,Casual,peach,Cotton,1,Round,Half Sleeves,contemporary,Wash with like colors::First wash dry clean thereafter handwash,Fashion,Yes,Grab attention in this beautiful contemporary printed kurta with buttons detailing on front ,Kurta:: Party wear:: Dress::Kurti::KIAASA::Women Kurta,Kurti
KK0032-S,Default,peach Printed Asymmetric Women's Kurti,Kiaasa,KK0032,S,simple,Regular,2999,Asymmetric,Calf Length,Pink,Women's,Printed,Casual,peach,Cotton,1,Round,Half Sleeves,contemporary,Wash with like colors::First wash dry clean thereafter handwash,Fashion,Yes,Grab attention in this beautiful contemporary printed kurta with buttons detailing on front ,Kurta:: Party wear:: Dress::Kurti::KIAASA::Women Kurta,Kurti
KK0032-XL,Default,peach Printed Asymmetric Women's Kurti,Kiaasa,KK0032,XL,simple,Regular,2999,Asymmetric,Calf Length,Pink,Women's,Printed,Casual,peach,Cotton,1,Round,Half Sleeves,contemporary,Wash with like colors::First wash dry clean thereafter handwash,Fashion,Yes,Grab attention in this beautiful contemporary printed kurta with buttons detailing on front ,Kurta:: Party wear:: Dress::Kurti::KIAASA::Women Kurta,Kurti
KK0032-XS,Default,peach Printed Asymmetric Women's Kurti,Kiaasa,KK0032,XS,simple,Regular,2999,Asymmetric,Calf Length,Pink,Women's,Printed,Casual,peach,Cotton,1,Round,Half Sleeves,contemporary,Wash with like colors::First wash dry clean thereafter handwash,Fashion,Yes,Grab attention in this beautiful contemporary printed kurta with buttons detailing on front ,Kurta:: Party wear:: Dress::Kurti::KIAASA::Women Kurta,Kurti
KK0032-XXL,Default,peach Printed Asymmetric Women's Kurti,Kiaasa,KK0032,XXL,simple,Regular,2999,Asymmetric,Calf Length,Pink,Women's,Printed,Casual,peach,Cotton,1,Round,Half Sleeves,contemporary,Wash with like colors::First wash dry clean thereafter handwash,Fashion,Yes,Grab attention in this beautiful contemporary printed kurta with buttons detailing on front ,Kurta:: Party wear:: Dress::Kurti::KIAASA::Women Kurta,Kurti
KK0033-L,Default,Pink Yarn Dyed A-line Women's Kurti,Kiaasa,KK0033,L,simple,Regular,2399,A-line,Calf Length,Pink,Women's,Yarn Dyed,Casual,Pink,Cotton,1,"Mandarin Collar

",3/4 Sleeve,contemporary,Wash with like colors::First wash dry clean thereafter handwash,Fashion,No,Feel special in this beautiful yarn-dyed outfit with side pocket and ruffled sleeves.,Kurta:: Party wear:: Dress::Kurti::KIAASA::Women Kurta,Kurti
KK0033-M,Default,Pink Yarn Dyed A-line Women's Kurti,Kiaasa,KK0033,M,simple,Regular,2399,A-line,Calf Length,Pink,Women's,Yarn Dyed,Casual,Pink,Cotton,1,"Mandarin Collar

",3/4 Sleeve,contemporary,Wash with like colors::First wash dry clean thereafter handwash,Fashion,No,Feel special in this beautiful yarn-dyed outfit with side pocket and ruffled sleeves.,Kurta:: Party wear:: Dress::Kurti::KIAASA::Women Kurta,Kurti
KK0033-S,Default,Pink Yarn Dyed A-line Women's Kurti,Kiaasa,KK0033,S,simple,Regular,2399,A-line,Calf Length,Pink,Women's,Yarn Dyed,Casual,Pink,Cotton,1,"Mandarin Collar

",3/4 Sleeve,contemporary,Wash with like colors::First wash dry clean thereafter handwash,Fashion,No,Feel special in this beautiful yarn-dyed outfit with side pocket and ruffled sleeves.,Kurta:: Party wear:: Dress::Kurti::KIAASA::Women Kurta,Kurti
KK0033-XL,Default,Pink Yarn Dyed A-line Women's Kurti,Kiaasa,KK0033,XL,simple,Regular,2399,A-line,Calf Length,Pink,Women's,Yarn Dyed,Casual,Pink,Cotton,1,"Mandarin Collar

",3/4 Sleeve,contemporary,Wash with like colors::First wash dry clean thereafter handwash,Fashion,No,Feel special in this beautiful yarn-dyed outfit with side pocket and ruffled sleeves.,Kurta:: Party wear:: Dress::Kurti::KIAASA::Women Kurta,Kurti
KK0033-XS,Default,Pink Yarn Dyed A-line Women's Kurti,Kiaasa,KK0033,XS,simple,Regular,2399,A-line,Calf Length,Pink,Women's,Yarn Dyed,Casual,Pink,Cotton,1,"Mandarin Collar

",3/4 Sleeve,contemporary,Wash with like colors::First wash dry clean thereafter handwash,Fashion,No,Feel special in this beautiful yarn-dyed outfit with side pocket and ruffled sleeves.,Kurta:: Party wear:: Dress::Kurti::KIAASA::Women Kurta,Kurti
KK0033-XXL,Default,Pink Yarn Dyed A-line Women's Kurti,Kiaasa,KK0033,XXL,simple,Regular,2399,A-line,Calf Length,Pink,Women's,Yarn Dyed,Casual,Pink,Cotton,1,"Mandarin Collar

",3/4 Sleeve,contemporary,Wash with like colors::First wash dry clean thereafter handwash,Fashion,No,Feel special in this beautiful yarn-dyed outfit with side pocket and ruffled sleeves.,Kurta:: Party wear:: Dress::Kurti::KIAASA::Women Kurta,Kurti
KK0034-L,Default,green Yarn Dyed A-line Women's Kurti,Kiaasa,KK0034,L,simple,Regular,1999,A-line,Calf Length,Green,Women's,Yarn Dyed,Casual,green,Cotton,1,Round,3/4 Sleeve,contemporary,Wash with like colors::First wash dry clean thereafter handwash,Fashion,Yes,Feel special in this beautiful yarn-dyed outfit with side pocket and ruffled sleeves.,Kurta:: Party wear:: Dress::Kurti::KIAASA::Women Kurta,Kurti
KK0034-M,Default,green Yarn Dyed A-line Women's Kurti,Kiaasa,KK0034,M,simple,Regular,1999,A-line,Calf Length,Green,Women's,Yarn Dyed,Casual,green,Cotton,1,Round,3/4 Sleeve,contemporary,Wash with like colors::First wash dry clean thereafter handwash,Fashion,Yes,Feel special in this beautiful yarn-dyed outfit with side pocket and ruffled sleeves.,Kurta:: Party wear:: Dress::Kurti::KIAASA::Women Kurta,Kurti
KK0034-S,Default,green Yarn Dyed A-line Women's Kurti,Kiaasa,KK0034,S,simple,Regular,1999,A-line,Calf Length,Green,Women's,Yarn Dyed,Casual,green,Cotton,1,Round,3/4 Sleeve,contemporary,Wash with like colors::First wash dry clean thereafter handwash,Fashion,Yes,Feel special in this beautiful yarn-dyed outfit with side pocket and ruffled sleeves.,Kurta:: Party wear:: Dress::Kurti::KIAASA::Women Kurta,Kurti
KK0034-XL,Default,green Yarn Dyed A-line Women's Kurti,Kiaasa,KK0034,XL,simple,Regular,1999,A-line,Calf Length,Green,Women's,Yarn Dyed,Casual,green,Cotton,1,Round,3/4 Sleeve,contemporary,Wash with like colors::First wash dry clean thereafter handwash,Fashion,Yes,Feel special in this beautiful yarn-dyed outfit with side pocket and ruffled sleeves.,Kurta:: Party wear:: Dress::Kurti::KIAASA::Women Kurta,Kurti
KK0034-XS,Default,green Yarn Dyed A-line Women's Kurti,Kiaasa,KK0034,XS,simple,Regular,1999,A-line,Calf Length,Green,Women's,Yarn Dyed,Casual,green,Cotton,1,Round,3/4 Sleeve,contemporary,Wash with like colors::First wash dry clean thereafter handwash,Fashion,Yes,Feel special in this beautiful yarn-dyed outfit with side pocket and ruffled sleeves.,Kurta:: Party wear:: Dress::Kurti::KIAASA::Women Kurta,Kurti
KK0034-XXL,Default,green Yarn Dyed A-line Women's Kurti,Kiaasa,KK0034,XXL,simple,Regular,1999,A-line,Calf Length,Green,Women's,Yarn Dyed,Casual,green,Cotton,1,Round,3/4 Sleeve,contemporary,Wash with like colors::First wash dry clean thereafter handwash,Fashion,Yes,Feel special in this beautiful yarn-dyed outfit with side pocket and ruffled sleeves.,Kurta:: Party wear:: Dress::Kurti::KIAASA::Women Kurta,Kurti
KK0035-L,Default,green Yarn Dyed A-line Women's Kurti,Kiaasa,KK0035,L,simple,Regular,1999,A-line,Calf Length,Green,Women's,Yarn Dyed,Casual,green,Cotton,1,Round,3/4 Sleeve,contemporary,Wash with like colors::First wash dry clean thereafter handwash,Fashion,No,An elegant kurta with front placket detailings. ,Kurta:: Party wear:: Dress::Kurti::KIAASA::Women Kurta,Kurti
KK0035-M,Default,green Yarn Dyed A-line Women's Kurti,Kiaasa,KK0035,M,simple,Regular,1999,A-line,Calf Length,Green,Women's,Yarn Dyed,Casual,green,Cotton,1,Round,3/4 Sleeve,contemporary,Wash with like colors::First wash dry clean thereafter handwash,Fashion,No,An elegant kurta with front placket detailings. ,Kurta:: Party wear:: Dress::Kurti::KIAASA::Women Kurta,Kurti
KK0035-S,Default,green Yarn Dyed A-line Women's Kurti,Kiaasa,KK0035,S,simple,Regular,1999,A-line,Calf Length,Green,Women's,Yarn Dyed,Casual,green,Cotton,1,Round,3/4 Sleeve,contemporary,Wash with like colors::First wash dry clean thereafter handwash,Fashion,No,An elegant kurta with front placket detailings. ,Kurta:: Party wear:: Dress::Kurti::KIAASA::Women Kurta,Kurti
KK0035-XL,Default,green Yarn Dyed A-line Women's Kurti,Kiaasa,KK0035,XL,simple,Regular,1999,A-line,Calf Length,Green,Women's,Yarn Dyed,Casual,green,Cotton,1,Round,3/4 Sleeve,contemporary,Wash with like colors::First wash dry clean thereafter handwash,Fashion,No,An elegant kurta with front placket detailings. ,Kurta:: Party wear:: Dress::Kurti::KIAASA::Women Kurta,Kurti
KK0035-XS,Default,green Yarn Dyed A-line Women's Kurti,Kiaasa,KK0035,XS,simple,Regular,1999,A-line,Calf Length,Green,Women's,Yarn Dyed,Casual,green,Cotton,1,Round,3/4 Sleeve,contemporary,Wash with like colors::First wash dry clean thereafter handwash,Fashion,No,An elegant kurta with front placket detailings. ,Kurta:: Party wear:: Dress::Kurti::KIAASA::Women Kurta,Kurti
KK0035-XXL,Default,green Yarn Dyed A-line Women's Kurti,Kiaasa,KK0035,XXL,simple,Regular,1999,A-line,Calf Length,Green,Women's,Yarn Dyed,Casual,green,Cotton,1,Round,3/4 Sleeve,contemporary,Wash with like colors::First wash dry clean thereafter handwash,Fashion,No,An elegant kurta with front placket detailings. ,Kurta:: Party wear:: Dress::Kurti::KIAASA::Women Kurta,Kurti
KK0036-L,Default,Pink Yarn Dyed A-line Women's Kurti,Kiaasa,KK0036,L,simple,Regular,1999,A-line,Calf Length,Pink,Women's,Yarn Dyed,Casual,Pink,Cotton,1,Round,3/4 Sleeve,contemporary,Wash with like colors::First wash dry clean thereafter handwash,Fashion,Yes,Look beautiful in this smart yarn-dyed kurta with placket and pocket detailings.,Kurta:: Party wear:: Dress::Kurti::KIAASA::Women Kurta,Kurti
KK0036-M,Default,Pink Yarn Dyed A-line Women's Kurti,Kiaasa,KK0036,M,simple,Regular,1999,A-line,Calf Length,Pink,Women's,Yarn Dyed,Casual,Pink,Cotton,1,Round,3/4 Sleeve,contemporary,Wash with like colors::First wash dry clean thereafter handwash,Fashion,Yes,Look beautiful in this smart yarn-dyed kurta with placket and pocket detailings.,Kurta:: Party wear:: Dress::Kurti::KIAASA::Women Kurta,Kurti
KK0036-S,Default,Pink Yarn Dyed A-line Women's Kurti,Kiaasa,KK0036,S,simple,Regular,1999,A-line,Calf Length,Pink,Women's,Yarn Dyed,Casual,Pink,Cotton,1,Round,3/4 Sleeve,contemporary,Wash with like colors::First wash dry clean thereafter handwash,Fashion,Yes,Look beautiful in this smart yarn-dyed kurta with placket and pocket detailings.,Kurta:: Party wear:: Dress::Kurti::KIAASA::Women Kurta,Kurti
KK0036-XL,Default,Pink Yarn Dyed A-line Women's Kurti,Kiaasa,KK0036,XL,simple,Regular,1999,A-line,Calf Length,Pink,Women's,Yarn Dyed,Casual,Pink,Cotton,1,Round,3/4 Sleeve,contemporary,Wash with like colors::First wash dry clean thereafter handwash,Fashion,Yes,Look beautiful in this smart yarn-dyed kurta with placket and pocket detailings.,Kurta:: Party wear:: Dress::Kurti::KIAASA::Women Kurta,Kurti
KK0036-XS,Default,Pink Yarn Dyed A-line Women's Kurti,Kiaasa,KK0036,XS,simple,Regular,1999,A-line,Calf Length,Pink,Women's,Yarn Dyed,Casual,Pink,Cotton,1,Round,3/4 Sleeve,contemporary,Wash with like colors::First wash dry clean thereafter handwash,Fashion,Yes,Look beautiful in this smart yarn-dyed kurta with placket and pocket detailings.,Kurta:: Party wear:: Dress::Kurti::KIAASA::Women Kurta,Kurti
KK0036-XXL,Default,Pink Yarn Dyed A-line Women's Kurti,Kiaasa,KK0036,XXL,simple,Regular,1999,A-line,Calf Length,Pink,Women's,Yarn Dyed,Casual,Pink,Cotton,1,Round,3/4 Sleeve,contemporary,Wash with like colors::First wash dry clean thereafter handwash,Fashion,Yes,Look beautiful in this smart yarn-dyed kurta with placket and pocket detailings.,Kurta:: Party wear:: Dress::Kurti::KIAASA::Women Kurta,Kurti
KK0037-L,Default,purple Printed flared Women's Kurti,Kiaasa,KK0037,L,simple,Regular,2399,flared,Calf Length,Purple,Women's,Printed,Casual,purple,Rayon,1,"Mandarin Collar

",Half Sleeves,contemporary,Wash with like colors::First wash dry clean thereafter handwash,Fashion,Yes,feel special in this beatiful flared printed kurta with pocket detailings.,Kurta:: Party wear:: Dress::Kurti::KIAASA::Women Kurta,Kurti
KK0037-M,Default,purple Printed flared Women's Kurti,Kiaasa,KK0037,M,simple,Regular,2399,flared,Calf Length,Purple,Women's,Printed,Casual,purple,Rayon,1,"Mandarin Collar

",Half Sleeves,contemporary,Wash with like colors::First wash dry clean thereafter handwash,Fashion,Yes,feel special in this beatiful flared printed kurta with pocket detailings.,Kurta:: Party wear:: Dress::Kurti::KIAASA::Women Kurta,Kurti
KK0037-S,Default,purple Printed flared Women's Kurti,Kiaasa,KK0037,S,simple,Regular,2399,flared,Calf Length,Purple,Women's,Printed,Casual,purple,Rayon,1,"Mandarin Collar

",Half Sleeves,contemporary,Wash with like colors::First wash dry clean thereafter handwash,Fashion,Yes,feel special in this beatiful flared printed kurta with pocket detailings.,Kurta:: Party wear:: Dress::Kurti::KIAASA::Women Kurta,Kurti
KK0037-XL,Default,purple Printed flared Women's Kurti,Kiaasa,KK0037,XL,simple,Regular,2399,flared,Calf Length,Purple,Women's,Printed,Casual,purple,Rayon,1,"Mandarin Collar

",Half Sleeves,contemporary,Wash with like colors::First wash dry clean thereafter handwash,Fashion,Yes,feel special in this beatiful flared printed kurta with pocket detailings.,Kurta:: Party wear:: Dress::Kurti::KIAASA::Women Kurta,Kurti
KK0037-XS,Default,purple Printed flared Women's Kurti,Kiaasa,KK0037,XS,simple,Regular,2399,flared,Calf Length,Purple,Women's,Printed,Casual,purple,Rayon,1,"Mandarin Collar

",Half Sleeves,contemporary,Wash with like colors::First wash dry clean thereafter handwash,Fashion,Yes,feel special in this beatiful flared printed kurta with pocket detailings.,Kurta:: Party wear:: Dress::Kurti::KIAASA::Women Kurta,Kurti
KK0037-XXL,Default,purple Printed flared Women's Kurti,Kiaasa,KK0037,XXL,simple,Regular,2399,flared,Calf Length,Purple,Women's,Printed,Casual,purple,Rayon,1,"Mandarin Collar

",Half Sleeves,contemporary,Wash with like colors::First wash dry clean thereafter handwash,Fashion,Yes,feel special in this beatiful flared printed kurta with pocket detailings.,Kurta:: Party wear:: Dress::Kurti::KIAASA::Women Kurta,Kurti
KK0038-L,Default,Magenta Yarn Dyed A-line Women's Kurti,Kiaasa,KK0038,L,simple,Regular,1999,A-line,Calf Length,Magenta,Women's,Yarn Dyed,Casual,Magenta,Cotton,1,Round,3/4 Sleeve,contemporary,Wash with like colors::First wash dry clean thereafter handwash,Fashion,No,An attire which will make you feel confident and beautiful yarn-dyed kurta with buttons detailings on front.,Kurta:: Party wear:: Dress::Kurti::KIAASA::Women Kurta,Kurti
KK0038-M,Default,Magenta Yarn Dyed A-line Women's Kurti,Kiaasa,KK0038,M,simple,Regular,1999,A-line,Calf Length,Magenta,Women's,Yarn Dyed,Casual,Magenta,Cotton,1,Round,3/4 Sleeve,contemporary,Wash with like colors::First wash dry clean thereafter handwash,Fashion,No,An attire which will make you feel confident and beautiful yarn-dyed kurta with buttons detailings on front.,Kurta:: Party wear:: Dress::Kurti::KIAASA::Women Kurta,Kurti
KK0038-S,Default,Magenta Yarn Dyed A-line Women's Kurti,Kiaasa,KK0038,S,simple,Regular,1999,A-line,Calf Length,Magenta,Women's,Yarn Dyed,Casual,Magenta,Cotton,1,Round,3/4 Sleeve,contemporary,Wash with like colors::First wash dry clean thereafter handwash,Fashion,No,An attire which will make you feel confident and beautiful yarn-dyed kurta with buttons detailings on front.,Kurta:: Party wear:: Dress::Kurti::KIAASA::Women Kurta,Kurti
KK0038-XL,Default,Magenta Yarn Dyed A-line Women's Kurti,Kiaasa,KK0038,XL,simple,Regular,1999,A-line,Calf Length,Magenta,Women's,Yarn Dyed,Casual,Magenta,Cotton,1,Round,3/4 Sleeve,contemporary,Wash with like colors::First wash dry clean thereafter handwash,Fashion,No,An attire which will make you feel confident and beautiful yarn-dyed kurta with buttons detailings on front.,Kurta:: Party wear:: Dress::Kurti::KIAASA::Women Kurta,Kurti
KK0038-XS,Default,Magenta Yarn Dyed A-line Women's Kurti,Kiaasa,KK0038,XS,simple,Regular,1999,A-line,Calf Length,Magenta,Women's,Yarn Dyed,Casual,Magenta,Cotton,1,Round,3/4 Sleeve,contemporary,Wash with like colors::First wash dry clean thereafter handwash,Fashion,No,An attire which will make you feel confident and beautiful yarn-dyed kurta with buttons detailings on front.,Kurta:: Party wear:: Dress::Kurti::KIAASA::Women Kurta,Kurti
KK0038-XXL,Default,Magenta Yarn Dyed A-line Women's Kurti,Kiaasa,KK0038,XXL,simple,Regular,1999,A-line,Calf Length,Magenta,Women's,Yarn Dyed,Casual,Magenta,Cotton,1,Round,3/4 Sleeve,contemporary,Wash with like colors::First wash dry clean thereafter handwash,Fashion,No,An attire which will make you feel confident and beautiful yarn-dyed kurta with buttons detailings on front.,Kurta:: Party wear:: Dress::Kurti::KIAASA::Women Kurta,Kurti
KK0039-L,Default,Charcoal Printed A-line Women's Kurti,Kiaasa,KK0039,L,simple,Regular,2399,A-line,Calf Length,Charcoal,Women's,Printed,Casual,Charcoal,cotton Blend,1,shirt collar,Half Sleeves,contemporary,Wash with like colors::First wash dry clean thereafter handwash,Fashion,No,"Grab attention in this beautiful contemporary, A-line shirt style kurta with cuffed sleeves.",Kurta:: Party wear:: Dress::Kurti::KIAASA::Women Kurta,Kurti
KK0039-M,Default,Charcoal Printed A-line Women's Kurti,Kiaasa,KK0039,M,simple,Regular,2399,A-line,Calf Length,Charcoal,Women's,Printed,Casual,Charcoal,cotton Blend,1,shirt collar,Half Sleeves,contemporary,Wash with like colors::First wash dry clean thereafter handwash,Fashion,No,"Grab attention in this beautiful contemporary, A-line shirt style kurta with cuffed sleeves.",Kurta:: Party wear:: Dress::Kurti::KIAASA::Women Kurta,Kurti
KK0039-S,Default,Charcoal Printed A-line Women's Kurti,Kiaasa,KK0039,S,simple,Regular,2399,A-line,Calf Length,Charcoal,Women's,Printed,Casual,Charcoal,cotton Blend,1,shirt collar,Half Sleeves,contemporary,Wash with like colors::First wash dry clean thereafter handwash,Fashion,No,"Grab attention in this beautiful contemporary, A-line shirt style kurta with cuffed sleeves.",Kurta:: Party wear:: Dress::Kurti::KIAASA::Women Kurta,Kurti
KK0039-XL,Default,Charcoal Printed A-line Women's Kurti,Kiaasa,KK0039,XL,simple,Regular,2399,A-line,Calf Length,Charcoal,Women's,Printed,Casual,Charcoal,cotton Blend,1,shirt collar,Half Sleeves,contemporary,Wash with like colors::First wash dry clean thereafter handwash,Fashion,No,"Grab attention in this beautiful contemporary, A-line shirt style kurta with cuffed sleeves.",Kurta:: Party wear:: Dress::Kurti::KIAASA::Women Kurta,Kurti
KK0039-XS,Default,Charcoal Printed A-line Women's Kurti,Kiaasa,KK0039,XS,simple,Regular,2399,A-line,Calf Length,Charcoal,Women's,Printed,Casual,Charcoal,cotton Blend,1,shirt collar,Half Sleeves,contemporary,Wash with like colors::First wash dry clean thereafter handwash,Fashion,No,"Grab attention in this beautiful contemporary, A-line shirt style kurta with cuffed sleeves.",Kurta:: Party wear:: Dress::Kurti::KIAASA::Women Kurta,Kurti
KK0039-XXL,Default,Charcoal Printed A-line Women's Kurti,Kiaasa,KK0039,XXL,simple,Regular,2399,A-line,Calf Length,Charcoal,Women's,Printed,Casual,Charcoal,cotton Blend,1,shirt collar,Half Sleeves,contemporary,Wash with like colors::First wash dry clean thereafter handwash,Fashion,No,"Grab attention in this beautiful contemporary, A-line shirt style kurta with cuffed sleeves.",Kurta:: Party wear:: Dress::Kurti::KIAASA::Women Kurta,Kurti
KK0040-L,Default,Navy Blue Printed A-line Women's Kurti,Kiaasa,KK0040,L,simple,Regular,2399,A-line,Calf Length,Navy Blue,Women's,Printed,Casual,Navy Blue,Cotton,1,"Mandarin Collar

",Half Sleeves,contemporary,Wash with like colors::First wash dry clean thereafter handwash,Fashion,No,Beautiful Printed A-line Kurta with placket and button detalings and contrast detailed on cuffs will make your outfit special.,Kurta:: Party wear:: Dress::Kurti::KIAASA::Women Kurta,Kurti
KK0040-M,Default,Navy Blue Printed A-line Women's Kurti,Kiaasa,KK0040,M,simple,Regular,2399,A-line,Calf Length,Navy Blue,Women's,Printed,Casual,Navy Blue,Cotton,1,"Mandarin Collar

",Half Sleeves,contemporary,Wash with like colors::First wash dry clean thereafter handwash,Fashion,No,Beautiful Printed A-line Kurta with placket and button detalings and contrast detailed on cuffs will make your outfit special.,Kurta:: Party wear:: Dress::Kurti::KIAASA::Women Kurta,Kurti
KK0040-S,Default,Navy Blue Printed A-line Women's Kurti,Kiaasa,KK0040,S,simple,Regular,2399,A-line,Calf Length,Navy Blue,Women's,Printed,Casual,Navy Blue,Cotton,1,"Mandarin Collar

",Half Sleeves,contemporary,Wash with like colors::First wash dry clean thereafter handwash,Fashion,No,Beautiful Printed A-line Kurta with placket and button detalings and contrast detailed on cuffs will make your outfit special.,Kurta:: Party wear:: Dress::Kurti::KIAASA::Women Kurta,Kurti
KK0040-XL,Default,Navy Blue Printed A-line Women's Kurti,Kiaasa,KK0040,XL,simple,Regular,2399,A-line,Calf Length,Navy Blue,Women's,Printed,Casual,Navy Blue,Cotton,1,"Mandarin Collar

",Half Sleeves,contemporary,Wash with like colors::First wash dry clean thereafter handwash,Fashion,No,Beautiful Printed A-line Kurta with placket and button detalings and contrast detailed on cuffs will make your outfit special.,Kurta:: Party wear:: Dress::Kurti::KIAASA::Women Kurta,Kurti
KK0040-XS,Default,Navy Blue Printed A-line Women's Kurti,Kiaasa,KK0040,XS,simple,Regular,2399,A-line,Calf Length,Navy Blue,Women's,Printed,Casual,Navy Blue,Cotton,1,"Mandarin Collar

",Half Sleeves,contemporary,Wash with like colors::First wash dry clean thereafter handwash,Fashion,No,Beautiful Printed A-line Kurta with placket and button detalings and contrast detailed on cuffs will make your outfit special.,Kurta:: Party wear:: Dress::Kurti::KIAASA::Women Kurta,Kurti
KK0040-XXL,Default,Navy Blue Printed A-line Women's Kurti,Kiaasa,KK0040,XXL,simple,Regular,2399,A-line,Calf Length,Navy Blue,Women's,Printed,Casual,Navy Blue,Cotton,1,"Mandarin Collar

",Half Sleeves,contemporary,Wash with like colors::First wash dry clean thereafter handwash,Fashion,No,Beautiful Printed A-line Kurta with placket and button detalings and contrast detailed on cuffs will make your outfit special.,Kurta:: Party wear:: Dress::Kurti::KIAASA::Women Kurta,Kurti
KK0042-L,Default,Multicolor Yarn Dyed A-line Women's Kurti,Kiaasa,KK0042,L,simple,Regular,2549,A-line,Calf Length,Multicolor,Women's,Yarn Dyed,Casual,Multicolor,cotton dobby,1,Round,3/4 Sleeve,contemporary,Wash with like colors::First wash dry clean thereafter handwash,Fashion,No,Get a smart look in this beautiful yarn-dyed A-line angrakha kurta with tassels detailings to make it occasion special.,Kurta:: Party wear:: Dress::Kurti::KIAASA::Women Kurta,Kurti
KK0042-M,Default,Multicolor Yarn Dyed A-line Women's Kurti,Kiaasa,KK0042,M,simple,Regular,2549,A-line,Calf Length,Multicolor,Women's,Yarn Dyed,Casual,Multicolor,cotton dobby,1,Round,3/4 Sleeve,contemporary,Wash with like colors::First wash dry clean thereafter handwash,Fashion,No,Get a smart look in this beautiful yarn-dyed A-line angrakha kurta with tassels detailings to make it occasion special.,Kurta:: Party wear:: Dress::Kurti::KIAASA::Women Kurta,Kurti
KK0042-S,Default,Multicolor Yarn Dyed A-line Women's Kurti,Kiaasa,KK0042,S,simple,Regular,2549,A-line,Calf Length,Multicolor,Women's,Yarn Dyed,Casual,Multicolor,cotton dobby,1,Round,3/4 Sleeve,contemporary,Wash with like colors::First wash dry clean thereafter handwash,Fashion,No,Get a smart look in this beautiful yarn-dyed A-line angrakha kurta with tassels detailings to make it occasion special.,Kurta:: Party wear:: Dress::Kurti::KIAASA::Women Kurta,Kurti
KK0042-XL,Default,Multicolor Yarn Dyed A-line Women's Kurti,Kiaasa,KK0042,XL,simple,Regular,2549,A-line,Calf Length,Multicolor,Women's,Yarn Dyed,Casual,Multicolor,cotton dobby,1,Round,3/4 Sleeve,contemporary,Wash with like colors::First wash dry clean thereafter handwash,Fashion,No,Get a smart look in this beautiful yarn-dyed A-line angrakha kurta with tassels detailings to make it occasion special.,Kurta:: Party wear:: Dress::Kurti::KIAASA::Women Kurta,Kurti
KK0042-XS,Default,Multicolor Yarn Dyed A-line Women's Kurti,Kiaasa,KK0042,XS,simple,Regular,2549,A-line,Calf Length,Multicolor,Women's,Yarn Dyed,Casual,Multicolor,cotton dobby,1,Round,3/4 Sleeve,contemporary,Wash with like colors::First wash dry clean thereafter handwash,Fashion,No,Get a smart look in this beautiful yarn-dyed A-line angrakha kurta with tassels detailings to make it occasion special.,Kurta:: Party wear:: Dress::Kurti::KIAASA::Women Kurta,Kurti
KK0042-XXL,Default,Multicolor Yarn Dyed A-line Women's Kurti,Kiaasa,KK0042,XXL,simple,Regular,2549,A-line,Calf Length,Multicolor,Women's,Yarn Dyed,Casual,Multicolor,cotton dobby,1,Round,3/4 Sleeve,contemporary,Wash with like colors::First wash dry clean thereafter handwash,Fashion,No,Get a smart look in this beautiful yarn-dyed A-line angrakha kurta with tassels detailings to make it occasion special.,Kurta:: Party wear:: Dress::Kurti::KIAASA::Women Kurta,Kurti
KK0043-L,Default,Navy Blue Printed flared Women's Kurti,Kiaasa,KK0043,L,simple,Regular,2399,flared,Calf Length,Navy Blue,Women's,Printed,Casual,Navy Blue,Rayon,1,shirt collar,Half Sleeves,contemporary,Wash with like colors::First wash dry clean thereafter handwash,Fashion,Yes,A smart flared printed front open Kurta to carry at your workplace and feel confident in this outfit.,Kurta:: Party wear:: Dress::Kurti::KIAASA::Women Kurta,Kurti
KK0043-M,Default,Navy Blue Printed flared Women's Kurti,Kiaasa,KK0043,M,simple,Regular,2399,flared,Calf Length,Navy Blue,Women's,Printed,Casual,Navy Blue,Rayon,1,shirt collar,Half Sleeves,contemporary,Wash with like colors::First wash dry clean thereafter handwash,Fashion,Yes,A smart flared printed front open Kurta to carry at your workplace and feel confident in this outfit.,Kurta:: Party wear:: Dress::Kurti::KIAASA::Women Kurta,Kurti
KK0043-S,Default,Navy Blue Printed flared Women's Kurti,Kiaasa,KK0043,S,simple,Regular,2399,flared,Calf Length,Navy Blue,Women's,Printed,Casual,Navy Blue,Rayon,1,shirt collar,Half Sleeves,contemporary,Wash with like colors::First wash dry clean thereafter handwash,Fashion,Yes,A smart flared printed front open Kurta to carry at your workplace and feel confident in this outfit.,Kurta:: Party wear:: Dress::Kurti::KIAASA::Women Kurta,Kurti
KK0043-XL,Default,Navy Blue Printed flared Women's Kurti,Kiaasa,KK0043,XL,simple,Regular,2399,flared,Calf Length,Navy Blue,Women's,Printed,Casual,Navy Blue,Rayon,1,shirt collar,Half Sleeves,contemporary,Wash with like colors::First wash dry clean thereafter handwash,Fashion,Yes,A smart flared printed front open Kurta to carry at your workplace and feel confident in this outfit.,Kurta:: Party wear:: Dress::Kurti::KIAASA::Women Kurta,Kurti
KK0043-XS,Default,Navy Blue Printed flared Women's Kurti,Kiaasa,KK0043,XS,simple,Regular,2399,flared,Calf Length,Navy Blue,Women's,Printed,Casual,Navy Blue,Rayon,1,shirt collar,Half Sleeves,contemporary,Wash with like colors::First wash dry clean thereafter handwash,Fashion,Yes,A smart flared printed front open Kurta to carry at your workplace and feel confident in this outfit.,Kurta:: Party wear:: Dress::Kurti::KIAASA::Women Kurta,Kurti
KK0043-XXL,Default,Navy Blue Printed flared Women's Kurti,Kiaasa,KK0043,XXL,simple,Regular,2399,flared,Calf Length,Navy Blue,Women's,Printed,Casual,Navy Blue,Rayon,1,shirt collar,Half Sleeves,contemporary,Wash with like colors::First wash dry clean thereafter handwash,Fashion,Yes,A smart flared printed front open Kurta to carry at your workplace and feel confident in this outfit.,Kurta:: Party wear:: Dress::Kurti::KIAASA::Women Kurta,Kurti
KK0044-L,Default,Navy Blue Printed Asymmetric Women's Kurti,Kiaasa,KK0044,L,simple,Regular,2999,Asymmetric,Calf Length,Navy Blue,Women's,Printed,Casual,Navy Blue,Rayon,1,Round,Half Sleeves,contemporary,Wash with like colors::First wash dry clean thereafter handwash,Fashion,Yes,Grab attention in this contemporary printed kurta with buttons detailings on front to make it more beautiful and elegant. ,Kurta:: Party wear:: Dress::Kurti::KIAASA::Women Kurta,Kurti
KK0044-M,Default,Navy Blue Printed Asymmetric Women's Kurti,Kiaasa,KK0044,M,simple,Regular,2999,Asymmetric,Calf Length,Navy Blue,Women's,Printed,Casual,Navy Blue,Rayon,1,Round,Half Sleeves,contemporary,Wash with like colors::First wash dry clean thereafter handwash,Fashion,Yes,Grab attention in this contemporary printed kurta with buttons detailings on front to make it more beautiful and elegant. ,Kurta:: Party wear:: Dress::Kurti::KIAASA::Women Kurta,Kurti
KK0044-S,Default,Navy Blue Printed Asymmetric Women's Kurti,Kiaasa,KK0044,S,simple,Regular,2999,Asymmetric,Calf Length,Navy Blue,Women's,Printed,Casual,Navy Blue,Rayon,1,Round,Half Sleeves,contemporary,Wash with like colors::First wash dry clean thereafter handwash,Fashion,Yes,Grab attention in this contemporary printed kurta with buttons detailings on front to make it more beautiful and elegant. ,Kurta:: Party wear:: Dress::Kurti::KIAASA::Women Kurta,Kurti
KK0044-XL,Default,Navy Blue Printed Asymmetric Women's Kurti,Kiaasa,KK0044,XL,simple,Regular,2999,Asymmetric,Calf Length,Navy Blue,Women's,Printed,Casual,Navy Blue,Rayon,1,Round,Half Sleeves,contemporary,Wash with like colors::First wash dry clean thereafter handwash,Fashion,Yes,Grab attention in this contemporary printed kurta with buttons detailings on front to make it more beautiful and elegant. ,Kurta:: Party wear:: Dress::Kurti::KIAASA::Women Kurta,Kurti
KK0044-XS,Default,Navy Blue Printed Asymmetric Women's Kurti,Kiaasa,KK0044,XS,simple,Regular,2999,Asymmetric,Calf Length,Navy Blue,Women's,Printed,Casual,Navy Blue,Rayon,1,Round,Half Sleeves,contemporary,Wash with like colors::First wash dry clean thereafter handwash,Fashion,Yes,Grab attention in this contemporary printed kurta with buttons detailings on front to make it more beautiful and elegant. ,Kurta:: Party wear:: Dress::Kurti::KIAASA::Women Kurta,Kurti
KK0044-XXL,Default,Navy Blue Printed Asymmetric Women's Kurti,Kiaasa,KK0044,XXL,simple,Regular,2999,Asymmetric,Calf Length,Navy Blue,Women's,Printed,Casual,Navy Blue,Rayon,1,Round,Half Sleeves,contemporary,Wash with like colors::First wash dry clean thereafter handwash,Fashion,Yes,Grab attention in this contemporary printed kurta with buttons detailings on front to make it more beautiful and elegant. ,Kurta:: Party wear:: Dress::Kurti::KIAASA::Women Kurta,Kurti
